"Observed m/z";"Adjusted m/z";Matched name;Adduct;Formula;Matched delta mass (Da);Matched difference (ppm);Matched theoretical mass;Coverage
156.042121;156.042121;4R-aminopentanoic acid;[M+K];C5H11NO2;-1.41115e-5;-0.090434;156.042136;1 out of 4
156.042121;156.042121;4S-aminopentanoic acid;[M+K];C5H11NO2;-1.41115e-5;-0.090434;156.042136;1 out of 4
156.042121;156.042121;4-amino-pentanoic acid;[M+K];C5H11NO2;-1.41115e-5;-0.090434;156.042136;1 out of 4
156.042121;156.042121;5-amino-pentanoic acid;[M+K];C5H11NO2;-1.41115e-5;-0.090434;156.042136;1 out of 4
156.042121;156.042121;2S-amino-pentanoic acid;[M+K];C5H11NO2;-1.41115e-5;-0.090434;156.042136;1 out of 4
156.042121;156.042121;2-Amino-3-methylbutanoic acid;[M+K];C5H11NO2;-1.41115e-5;-0.090434;156.042136;1 out of 4
184.073618;184.073618;2R-aminoheptanoic acid;[M+K];C7H15NO2;1.82429e-4;0.991064;184.073436;1 out of 4
184.073618;184.073618;2S-aminoheptanoic acid;[M+K];C7H15NO2;1.82429e-4;0.991064;184.073436;1 out of 4
184.073618;184.073618;2-amino-heptanoic acid;[M+K];C7H15NO2;1.82429e-4;0.991064;184.073436;1 out of 4
226.105184;226.105184;Acetyl-D-carnitine;[M+Na];C9H17NO4;2.05588e-4;0.909261;226.104978;2 out of 4
226.105184;226.105184;Acetyl-L-carnitine;[M+Na];C9H17NO4;2.05588e-4;0.909261;226.104978;2 out of 4
226.105184;226.105184;DL-Acetylcarnitine;[M+Na];C9H17NO4;2.05588e-4;0.909261;226.104978;2 out of 4
232.154502;232.154502;Butyrylcarnitine;[M+H];C11H21NO4;1.68163e-4;0.724357;232.154334;1 out of 4
232.154502;232.154502;O-butanoyl-carnitine;[M+H];C11H21NO4;1.68163e-4;0.724357;232.154334;1 out of 4
232.154502;232.154502;Isobutyryl-L-carnitine;[M+H];C11H21NO4;1.68163e-4;0.724357;232.154334;1 out of 4
242.079023;242.079023;Acetyl-D-carnitine;[M+K];C9H17NO4;1.08276e-4;0.447276;242.078915;2 out of 4
242.079023;242.079023;Acetyl-L-carnitine;[M+K];C9H17NO4;1.08276e-4;0.447276;242.078915;2 out of 4
242.079023;242.079023;DL-Acetylcarnitine;[M+K];C9H17NO4;1.08276e-4;0.447276;242.078915;2 out of 4
248.068054;248.068054;(E)-4-Nitrostilbene;[M+Na];C14H11NO2;-1.45012e-4;-0.584564;248.068199;1 out of 4
248.149400;248.149400;3-hydroxybutyrylcarnitine;[M+H];C11H21NO5;1.50843e-4;0.607874;248.149249;1 out of 4
248.149400;248.149400;Hydroxybutyrylcarnitine;[M+H];C11H21NO5;1.50843e-4;0.607874;248.149249;1 out of 4
260.185701;260.185701;O-hexanoyl-R-carnitine;[M+H];C13H25NO4;6.69274e-5;0.257229;260.185634;1 out of 4
260.185701;260.185701;Hexanoylcarnitine;[M+H];C13H25NO4;6.69274e-5;0.257229;260.185634;1 out of 4
263.237010;263.237010;6-[3]-ladderane-1-hexanol;[M+H];C18H30O;6.83892e-5;0.259801;263.236942;1 out of 4
263.237010;263.237010;"9,12,15-octadecatrienal";[M+H];C18H30O;6.83892e-5;0.259801;263.236942;1 out of 4
263.237010;263.237010;"9Z,12Z,15Z-Octadecatrienal";[M+H];C18H30O;6.83892e-5;0.259801;263.236942;1 out of 4
263.237010;263.237010;5-(1-hydroxypropan-2-yl)isolongifol-5-ene;[M+H];C18H30O;6.83892e-5;0.259801;263.236942;1 out of 4
263.237010;263.237010;5-(1-hydroxypropan-2-yl)isolongifol-4-ene;[M+H];C18H30O;6.83892e-5;0.259801;263.236942;1 out of 4
263.237010;263.237010;5-(2-methoxyethyl)isolongifol-5-ene;[M+H];C18H30O;6.83892e-5;0.259801;263.236942;1 out of 4
264.062873;264.062873;trans-2-(4-nitrophenyl)-3-phenyloxirane;[M+Na];C14H11NO3;-2.39848e-4;-0.908298;264.063113;1 out of 4
265.252618;265.252618;"9,12,15-Octadecatrien-1-ol";[M+H];C18H32O;2.60111e-5;0.098062;265.252592;1 out of 4
265.252618;265.252618;"9,12-octadecadienal";[M+H];C18H32O;2.60111e-5;0.098062;265.252592;1 out of 4
265.252618;265.252618;"11E,14E-Octadecadienal";[M+H];C18H32O;2.60111e-5;0.098062;265.252592;1 out of 4
265.252618;265.252618;"2E,13Z-Octadecadienal";[M+H];C18H32O;2.60111e-5;0.098062;265.252592;1 out of 4
265.252618;265.252618;"3E,13Z-Octadecadienal";[M+H];C18H32O;2.60111e-5;0.098062;265.252592;1 out of 4
265.252618;265.252618;"11Z,13Z-Octadecadienal";[M+H];C18H32O;2.60111e-5;0.098062;265.252592;1 out of 4
265.252618;265.252618;"13Z,15Z-Octadecadienal";[M+H];C18H32O;2.60111e-5;0.098062;265.252592;1 out of 4
265.252618;265.252618;"3Z,13Z-Octadecadienal";[M+H];C18H32O;2.60111e-5;0.098062;265.252592;1 out of 4
265.252618;265.252618;"9Z,12Z-Octadecadienal";[M+H];C18H32O;2.60111e-5;0.098062;265.252592;1 out of 4
265.252618;265.252618;"6E,11Z-octadecadienal";[M+H];C18H32O;2.60111e-5;0.098062;265.252592;1 out of 4
265.252618;265.252618;"4-Methyl-7,11-heptadecadienal";[M+H];C18H32O;2.60111e-5;0.098062;265.252592;1 out of 4
265.252618;265.252618;"9S,10R-Epoxy-6Z-octadecene";[M+H];C18H32O;2.60111e-5;0.098062;265.252592;1 out of 4
265.252618;265.252618;"6S,7R-Epoxy-3Z,9Z-octadecadiene";[M+H];C18H32O;2.60111e-5;0.098062;265.252592;1 out of 4
265.252618;265.252618;"3,4-Epoxy-6,9-octadecadiene";[M+H];C18H32O;2.60111e-5;0.098062;265.252592;1 out of 4
265.252618;265.252618;5-(1-hydroxypropan-2-yl)isolongifolane;[M+H];C18H32O;2.60111e-5;0.098062;265.252592;1 out of 4
271.057723;271.057723;"methyl 10-acetoxy-8,9-epoxy-2Z-decen-4,6-diynoate";[M+Na];C13H12O5;2.98262e-5;0.110036;271.057693;1 out of 4
279.229461;279.229461;Palmitic acid;[M+Na];C16H32O2;1.02687e-5;0.036775;279.229450;2 out of 4
279.229461;279.229461;Isopalmitic acid;[M+Na];C16H32O2;1.02687e-5;0.036775;279.229450;2 out of 4
279.229461;279.229461;"2,6-dimethyl-tetradecanoic acid";[M+Na];C16H32O2;1.02687e-5;0.036775;279.229450;2 out of 4
279.229461;279.229461;"2,8-dimethyl-tetradecanoic acid";[M+Na];C16H32O2;1.02687e-5;0.036775;279.229450;2 out of 4
279.229461;279.229461;3-methyl-pentadecanoic acid;[M+Na];C16H32O2;1.02687e-5;0.036775;279.229450;2 out of 4
279.229461;279.229461;2-propyl-tridecanoic acid;[M+Na];C16H32O2;1.02687e-5;0.036775;279.229450;2 out of 4
279.229461;279.229461;2-hexyl-decanoic acid;[M+Na];C16H32O2;1.02687e-5;0.036775;279.229450;2 out of 4
279.229461;279.229461;3-ethyl-3-methyl-tridecanoic acid;[M+Na];C16H32O2;1.02687e-5;0.036775;279.229450;2 out of 4
279.229461;279.229461;2-heptyl-nonanoic acid;[M+Na];C16H32O2;1.02687e-5;0.036775;279.229450;2 out of 4
279.229461;279.229461;6-ethyl-tetradecanoic acid;[M+Na];C16H32O2;1.02687e-5;0.036775;279.229450;2 out of 4
279.229461;279.229461;"2,4-dimethyl-tetradecanoic acid";[M+Na];C16H32O2;1.02687e-5;0.036775;279.229450;2 out of 4
279.229461;279.229461;"3,5-dimethyl-tetradecanoic acid";[M+Na];C16H32O2;1.02687e-5;0.036775;279.229450;2 out of 4
279.229461;279.229461;4-hexyl-decanoic acid;[M+Na];C16H32O2;1.02687e-5;0.036775;279.229450;2 out of 4
279.229461;279.229461;2-ethyl-2-butyl-decanoic acid;[M+Na];C16H32O2;1.02687e-5;0.036775;279.229450;2 out of 4
279.229461;279.229461;Anteisohexa­decanoic acid;[M+Na];C16H32O2;1.02687e-5;0.036775;279.229450;2 out of 4
279.229461;279.229461;"4,8,12-trimethyl-tridecanoic acid";[M+Na];C16H32O2;1.02687e-5;0.036775;279.229450;2 out of 4
279.229461;279.229461;Neopalmitic acid;[M+Na];C16H32O2;1.02687e-5;0.036775;279.229450;2 out of 4
279.229461;279.229461;"14:0(10Me,13Me)";[M+Na];C16H32O2;1.02687e-5;0.036775;279.229450;2 out of 4
279.229461;279.229461;"2,13-dimethyltetradecanoic acid";[M+Na];C16H32O2;1.02687e-5;0.036775;279.229450;2 out of 4
279.229461;279.229461;"4,13-dimethyltetradecanoic acid";[M+Na];C16H32O2;1.02687e-5;0.036775;279.229450;2 out of 4
279.229461;279.229461;"4,12-dimethyltetradecanoic acid";[M+Na];C16H32O2;1.02687e-5;0.036775;279.229450;2 out of 4
279.229461;279.229461;"2,12-dimethyltetradecanoic acid";[M+Na];C16H32O2;1.02687e-5;0.036775;279.229450;2 out of 4
279.229461;279.229461;2-hydroxyhexadecanal;[M+Na];C16H32O2;1.02687e-5;0.036775;279.229450;2 out of 4
279.229461;279.229461;Tetradecyl acetate;[M+Na];C16H32O2;1.02687e-5;0.036775;279.229450;2 out of 4
279.229461;279.229461;dodecyl butyrate;[M+Na];C16H32O2;1.02687e-5;0.036775;279.229450;2 out of 4
279.229461;279.229461;decyl hexanoate;[M+Na];C16H32O2;1.02687e-5;0.036775;279.229450;2 out of 4
279.229461;279.229461;octyl octanoate;[M+Na];C16H32O2;1.02687e-5;0.036775;279.229450;2 out of 4
279.229461;279.229461;hexyl decanoate;[M+Na];C16H32O2;1.02687e-5;0.036775;279.229450;2 out of 4
279.229461;279.229461;ethyl tetradecanoate;[M+Na];C16H32O2;1.02687e-5;0.036775;279.229450;2 out of 4
279.229461;279.229461;"Methyl 2,6,10-trimethyl-dodecanoate";[M+Na];C16H32O2;1.02687e-5;0.036775;279.229450;2 out of 4
279.229461;279.229461;7-Methyloctyl 5-methylhexanoate;[M+Na];C16H32O2;1.02687e-5;0.036775;279.229450;2 out of 4
279.229461;279.229461;Butyl dodecanoate;[M+Na];C16H32O2;1.02687e-5;0.036775;279.229450;2 out of 4
279.229461;279.229461;Dodecyl 2-methylpropanoate;[M+Na];C16H32O2;1.02687e-5;0.036775;279.229450;2 out of 4
287.054978;287.054978;Baptigenin;[M+H];C15H10O6;-3.64253e-5;-0.126893;287.055014;3 out of 4
287.054978;287.054978;Unknown Name;[M+H];C15H10O6;-3.64253e-5;-0.126893;287.055014;38 out of 4
287.054978;287.054978;Orobol;[M+H];C15H10O6;-3.64253e-5;-0.126893;287.055014;3 out of 4
287.054978;287.054978;2'-Hydroxygenistein;[M+H];C15H10O6;-3.64253e-5;-0.126893;287.055014;3 out of 4
287.054978;287.054978;6-Hydroxygenistein;[M+H];C15H10O6;-3.64253e-5;-0.126893;287.055014;3 out of 4
287.054978;287.054978;Kaempferol;[M+H];C15H10O6;-3.64253e-5;-0.126893;287.055014;3 out of 4
287.054978;287.054978;Luteolin;[M+H];C15H10O6;-3.64253e-5;-0.126893;287.055014;3 out of 4
287.054978;287.054978;Unknown Name;[M+H];C15H10O6;-3.64253e-5;-0.126893;287.055014;38 out of 4
287.054978;287.054978;Unknown Name;[M+H];C15H10O6;-3.64253e-5;-0.126893;287.055014;38 out of 4
287.054978;287.054978;Unknown Name;[M+H];C15H10O6;-3.64253e-5;-0.126893;287.055014;38 out of 4
287.054978;287.054978;Unknown Name;[M+H];C15H10O6;-3.64253e-5;-0.126893;287.055014;38 out of 4
287.054978;287.054978;Norartocarpetin;[M+H];C15H10O6;-3.64253e-5;-0.126893;287.055014;3 out of 4
287.054978;287.054978;Scutellarein;[M+H];C15H10O6;-3.64253e-5;-0.126893;287.055014;3 out of 4
287.054978;287.054978;Isoscutellarein;[M+H];C15H10O6;-3.64253e-5;-0.126893;287.055014;3 out of 4
287.054978;287.054978;Fisetin;[M+H];C15H10O6;-3.64253e-5;-0.126893;287.055014;3 out of 4
287.054978;287.054978;Unknown Name;[M+H];C15H10O6;-3.64253e-5;-0.126893;287.055014;38 out of 4
287.054978;287.054978;Datiscetin;[M+H];C15H10O6;-3.64253e-5;-0.126893;287.055014;3 out of 4
287.054978;287.054978;6-Hydroxygalangin;[M+H];C15H10O6;-3.64253e-5;-0.126893;287.055014;3 out of 4
287.054978;287.054978;8-Hydroxygalangin;[M+H];C15H10O6;-3.64253e-5;-0.126893;287.055014;3 out of 4
287.054978;287.054978;Maritimetin;[M+H];C15H10O6;-3.64253e-5;-0.126893;287.055014;3 out of 4
287.054978;287.054978;Aureusidin;[M+H];C15H10O6;-3.64253e-5;-0.126893;287.055014;3 out of 4
287.054978;287.054978;Helmon;[M+H];C15H10O6;-3.64253e-5;-0.126893;287.055014;3 out of 4
287.054978;287.054978;omega-Hydroxyemodin;[M+H];C15H10O6;-3.64253e-5;-0.126893;287.055014;3 out of 4
288.216789;288.216789;O-octanoyl-R-carnitine;[M+H];C15H29NO4;-1.45474e-4;-0.504737;288.216934;1 out of 4
288.216789;288.216789;O-octanoylcarnitine;[M+H];C15H29NO4;-1.45474e-4;-0.504737;288.216934;1 out of 4
303.049866;303.049866;Unknown Name;[M+H];C15H10O7;-6.24597e-5;-0.206104;303.049929;38 out of 4
303.049866;303.049866;Quercetin;[M+H];C15H10O7;-6.24597e-5;-0.206104;303.049929;1 out of 4
303.049866;303.049866;Tricetin;[M+H];C15H10O7;-6.24597e-5;-0.206104;303.049929;1 out of 4
303.049866;303.049866;Isoetin;[M+H];C15H10O7;-6.24597e-5;-0.206104;303.049929;1 out of 4
303.049866;303.049866;6-Hydroxyluteolin;[M+H];C15H10O7;-6.24597e-5;-0.206104;303.049929;1 out of 4
303.049866;303.049866;Hypolaetin;[M+H];C15H10O7;-6.24597e-5;-0.206104;303.049929;1 out of 4
303.049866;303.049866;Robinetin;[M+H];C15H10O7;-6.24597e-5;-0.206104;303.049929;1 out of 4
303.049866;303.049866;Rhynchosin;[M+H];C15H10O7;-6.24597e-5;-0.206104;303.049929;1 out of 4
303.049866;303.049866;Melanoxetin;[M+H];C15H10O7;-6.24597e-5;-0.206104;303.049929;1 out of 4
303.049866;303.049866;Unknown Name;[M+H];C15H10O7;-6.24597e-5;-0.206104;303.049929;38 out of 4
303.049866;303.049866;Viscidulin I;[M+H];C15H10O7;-6.24597e-5;-0.206104;303.049929;1 out of 4
303.049866;303.049866;Morin;[M+H];C15H10O7;-6.24597e-5;-0.206104;303.049929;1 out of 4
303.049866;303.049866;6-Hydroxykaempferol;[M+H];C15H10O7;-6.24597e-5;-0.206104;303.049929;1 out of 4
303.049866;303.049866;Herbacetin;[M+H];C15H10O7;-6.24597e-5;-0.206104;303.049929;1 out of 4
303.049866;303.049866;Bracteatin;[M+H];C15H10O7;-6.24597e-5;-0.206104;303.049929;1 out of 4
305.245032;305.245032;2-methyl-16-heptadecenoic acid;[M+Na];C18H34O2;-6.87353e-5;-0.225181;305.245100;1 out of 4
305.245032;305.245032;17:1(4)(16Me);[M+Na];C18H34O2;-6.87353e-5;-0.225181;305.245100;1 out of 4
305.245032;305.245032;17:1(6)(9Me);[M+Na];C18H34O2;-6.87353e-5;-0.225181;305.245100;1 out of 4
305.245032;305.245032;17:1(12)(7Me);[M+Na];C18H34O2;-6.87353e-5;-0.225181;305.245100;1 out of 4
305.245032;305.245032;Isooctadecenoic acid;[M+Na];C18H34O2;-6.87353e-5;-0.225181;305.245100;1 out of 4
305.245032;305.245032;Isooctadecenoic acid;[M+Na];C18H34O2;-6.87353e-5;-0.225181;305.245100;1 out of 4
305.245032;305.245032;Oleic acid;[M+Na];C18H34O2;-6.87353e-5;-0.225181;305.245100;1 out of 4
305.245032;305.245032;2Z-octadecenoic acid;[M+Na];C18H34O2;-6.87353e-5;-0.225181;305.245100;1 out of 4
305.245032;305.245032;trans-2-oleic acid;[M+Na];C18H34O2;-6.87353e-5;-0.225181;305.245100;1 out of 4
305.245032;305.245032;3-octadecylenic acid;[M+Na];C18H34O2;-6.87353e-5;-0.225181;305.245100;1 out of 4
305.245032;305.245032;4-octadecylenic acid;[M+Na];C18H34O2;-6.87353e-5;-0.225181;305.245100;1 out of 4
305.245032;305.245032;Thalictric acid;[M+Na];C18H34O2;-6.87353e-5;-0.225181;305.245100;1 out of 4
305.245032;305.245032;Petroselinic acid;[M+Na];C18H34O2;-6.87353e-5;-0.225181;305.245100;1 out of 4
305.245032;305.245032;Petroselaidic acid;[M+Na];C18H34O2;-6.87353e-5;-0.225181;305.245100;1 out of 4
305.245032;305.245032;7Z-octadecenoic acid;[M+Na];C18H34O2;-6.87353e-5;-0.225181;305.245100;1 out of 4
305.245032;305.245032;7E-octadecenoic acid;[M+Na];C18H34O2;-6.87353e-5;-0.225181;305.245100;1 out of 4
305.245032;305.245032;cis-8-oleic acid;[M+Na];C18H34O2;-6.87353e-5;-0.225181;305.245100;1 out of 4
305.245032;305.245032;trans-8-elaidic acid;[M+Na];C18H34O2;-6.87353e-5;-0.225181;305.245100;1 out of 4
305.245032;305.245032;9-elaidic acid;[M+Na];C18H34O2;-6.87353e-5;-0.225181;305.245100;1 out of 4
305.245032;305.245032;cis-10-oleic acid;[M+Na];C18H34O2;-6.87353e-5;-0.225181;305.245100;1 out of 4
305.245032;305.245032;10E-octadecenoic acid;[M+Na];C18H34O2;-6.87353e-5;-0.225181;305.245100;1 out of 4
305.245032;305.245032;cis-vaccenic acid;[M+Na];C18H34O2;-6.87353e-5;-0.225181;305.245100;1 out of 4
305.245032;305.245032;trans-vaccenic acid;[M+Na];C18H34O2;-6.87353e-5;-0.225181;305.245100;1 out of 4
305.245032;305.245032;cis-12-oleic acid;[M+Na];C18H34O2;-6.87353e-5;-0.225181;305.245100;1 out of 4
305.245032;305.245032;trans-12-elaidic acid;[M+Na];C18H34O2;-6.87353e-5;-0.225181;305.245100;1 out of 4
305.245032;305.245032;15E-octadecenoic acid;[M+Na];C18H34O2;-6.87353e-5;-0.225181;305.245100;1 out of 4
305.245032;305.245032;16E-octadecenoic acid;[M+Na];C18H34O2;-6.87353e-5;-0.225181;305.245100;1 out of 4
305.245032;305.245032;13Z-octadecenoic acid;[M+Na];C18H34O2;-6.87353e-5;-0.225181;305.245100;1 out of 4
305.245032;305.245032;15Z-octadecenoic acid;[M+Na];C18H34O2;-6.87353e-5;-0.225181;305.245100;1 out of 4
305.245032;305.245032;16Z-octadecenoic acid;[M+Na];C18H34O2;-6.87353e-5;-0.225181;305.245100;1 out of 4
305.245032;305.245032;17-octadecenoic acid;[M+Na];C18H34O2;-6.87353e-5;-0.225181;305.245100;1 out of 4
305.245032;305.245032;3Z-octadecenoic acid;[M+Na];C18H34O2;-6.87353e-5;-0.225181;305.245100;1 out of 4
305.245032;305.245032;4Z-octadecenoic acid;[M+Na];C18H34O2;-6.87353e-5;-0.225181;305.245100;1 out of 4
305.245032;305.245032;5Z-octadecenoic acid;[M+Na];C18H34O2;-6.87353e-5;-0.225181;305.245100;1 out of 4
305.245032;305.245032;18:1(13E);[M+Na];C18H34O2;-6.87353e-5;-0.225181;305.245100;1 out of 4
305.245032;305.245032;18:1(14E);[M+Na];C18H34O2;-6.87353e-5;-0.225181;305.245100;1 out of 4
305.245032;305.245032;18:1(14Z);[M+Na];C18H34O2;-6.87353e-5;-0.225181;305.245100;1 out of 4
305.245032;305.245032;17:1(4)(15Me);[M+Na];C18H34O2;-6.87353e-5;-0.225181;305.245100;1 out of 4
305.245032;305.245032;10-Octadecenoic acid;[M+Na];C18H34O2;-6.87353e-5;-0.225181;305.245100;1 out of 4
305.245032;305.245032;11-Cycloheptylundecanoic acid;[M+Na];C18H34O2;-6.87353e-5;-0.225181;305.245100;1 out of 4
305.245032;305.245032;Dihydromalvalic acid;[M+Na];C18H34O2;-6.87353e-5;-0.225181;305.245100;1 out of 4
305.245032;305.245032;Cyclopentanetridecanoic acid;[M+Na];C18H34O2;-6.87353e-5;-0.225181;305.245100;1 out of 4
305.245032;305.245032;11E-Hexadecenyl acetate;[M+Na];C18H34O2;-6.87353e-5;-0.225181;305.245100;1 out of 4
305.245032;305.245032;5E-Hexadecenyl acetate;[M+Na];C18H34O2;-6.87353e-5;-0.225181;305.245100;1 out of 4
305.245032;305.245032;6E-Hexadecenyl acetate;[M+Na];C18H34O2;-6.87353e-5;-0.225181;305.245100;1 out of 4
305.245032;305.245032;8E-Hexadecenyl acetate;[M+Na];C18H34O2;-6.87353e-5;-0.225181;305.245100;1 out of 4
305.245032;305.245032;9E-Hexadecenyl acetate;[M+Na];C18H34O2;-6.87353e-5;-0.225181;305.245100;1 out of 4
305.245032;305.245032;10Z-Hexadecenyl acetate;[M+Na];C18H34O2;-6.87353e-5;-0.225181;305.245100;1 out of 4
305.245032;305.245032;11Z-Hexadecenyl acetate;[M+Na];C18H34O2;-6.87353e-5;-0.225181;305.245100;1 out of 4
305.245032;305.245032;12Z-Hexadecenyl acetate;[M+Na];C18H34O2;-6.87353e-5;-0.225181;305.245100;1 out of 4
305.245032;305.245032;3Z-Hexadecenyl acetate;[M+Na];C18H34O2;-6.87353e-5;-0.225181;305.245100;1 out of 4
305.245032;305.245032;5Z-Hexadecenyl acetate;[M+Na];C18H34O2;-6.87353e-5;-0.225181;305.245100;1 out of 4
305.245032;305.245032;7Z-Hexadecenyl acetate;[M+Na];C18H34O2;-6.87353e-5;-0.225181;305.245100;1 out of 4
305.245032;305.245032;9Z-Hexadecenyl acetate;[M+Na];C18H34O2;-6.87353e-5;-0.225181;305.245100;1 out of 4
305.245032;305.245032;7-Hexadecenyl acetate;[M+Na];C18H34O2;-6.87353e-5;-0.225181;305.245100;1 out of 4
305.245032;305.245032;ethyl 7Z-hexadecenoate;[M+Na];C18H34O2;-6.87353e-5;-0.225181;305.245100;1 out of 4
305.245032;305.245032;Methyl 14-methyl-8E-hexadecenoate;[M+Na];C18H34O2;-6.87353e-5;-0.225181;305.245100;1 out of 4
305.245032;305.245032;Methyl 14-methyl-8Z-hexadecenoate;[M+Na];C18H34O2;-6.87353e-5;-0.225181;305.245100;1 out of 4
305.245032;305.245032;ethyl 9Z-hexadecenoate;[M+Na];C18H34O2;-6.87353e-5;-0.225181;305.245100;1 out of 4
305.245032;305.245032;Ethyl 9-hexadecenoate;[M+Na];C18H34O2;-6.87353e-5;-0.225181;305.245100;1 out of 4
305.245032;305.245032;18-Octadecanolide;[M+Na];C18H34O2;-6.87353e-5;-0.225181;305.245100;1 out of 4
309.036776;309.036776;Baptigenin;[M+Na];C15H10O6;-1.82458e-4;-0.590408;309.036958;3 out of 4
309.036776;309.036776;Unknown Name;[M+Na];C15H10O6;-1.82458e-4;-0.590408;309.036958;52 out of 4
309.036776;309.036776;Orobol;[M+Na];C15H10O6;-1.82458e-4;-0.590408;309.036958;3 out of 4
309.036776;309.036776;2'-Hydroxygenistein;[M+Na];C15H10O6;-1.82458e-4;-0.590408;309.036958;3 out of 4
309.036776;309.036776;6-Hydroxygenistein;[M+Na];C15H10O6;-1.82458e-4;-0.590408;309.036958;3 out of 4
309.036776;309.036776;Kaempferol;[M+Na];C15H10O6;-1.82458e-4;-0.590408;309.036958;3 out of 4
309.036776;309.036776;Luteolin;[M+Na];C15H10O6;-1.82458e-4;-0.590408;309.036958;3 out of 4
309.036776;309.036776;Unknown Name;[M+Na];C15H10O6;-1.82458e-4;-0.590408;309.036958;52 out of 4
309.036776;309.036776;Unknown Name;[M+Na];C15H10O6;-1.82458e-4;-0.590408;309.036958;52 out of 4
309.036776;309.036776;Unknown Name;[M+Na];C15H10O6;-1.82458e-4;-0.590408;309.036958;52 out of 4
309.036776;309.036776;Unknown Name;[M+Na];C15H10O6;-1.82458e-4;-0.590408;309.036958;52 out of 4
309.036776;309.036776;Norartocarpetin;[M+Na];C15H10O6;-1.82458e-4;-0.590408;309.036958;3 out of 4
309.036776;309.036776;Scutellarein;[M+Na];C15H10O6;-1.82458e-4;-0.590408;309.036958;3 out of 4
309.036776;309.036776;Isoscutellarein;[M+Na];C15H10O6;-1.82458e-4;-0.590408;309.036958;3 out of 4
309.036776;309.036776;Fisetin;[M+Na];C15H10O6;-1.82458e-4;-0.590408;309.036958;3 out of 4
309.036776;309.036776;Unknown Name;[M+Na];C15H10O6;-1.82458e-4;-0.590408;309.036958;52 out of 4
309.036776;309.036776;Datiscetin;[M+Na];C15H10O6;-1.82458e-4;-0.590408;309.036958;3 out of 4
309.036776;309.036776;6-Hydroxygalangin;[M+Na];C15H10O6;-1.82458e-4;-0.590408;309.036958;3 out of 4
309.036776;309.036776;8-Hydroxygalangin;[M+Na];C15H10O6;-1.82458e-4;-0.590408;309.036958;3 out of 4
309.036776;309.036776;Maritimetin;[M+Na];C15H10O6;-1.82458e-4;-0.590408;309.036958;3 out of 4
309.036776;309.036776;Aureusidin;[M+Na];C15H10O6;-1.82458e-4;-0.590408;309.036958;3 out of 4
309.036776;309.036776;Helmon;[M+Na];C15H10O6;-1.82458e-4;-0.590408;309.036958;3 out of 4
309.036776;309.036776;omega-Hydroxyemodin;[M+Na];C15H10O6;-1.82458e-4;-0.590408;309.036958;3 out of 4
313.273496;313.273496;10-oxo-nonadecanoic acid;[M+H];C19H36O3;-2.25444e-4;-0.719638;313.273721;1 out of 4
313.273496;313.273496;18-oxo-nonadecanoic acid;[M+H];C19H36O3;-2.25444e-4;-0.719638;313.273721;1 out of 4
313.273496;313.273496;2-oxo-nonadecanoic acid;[M+H];C19H36O3;-2.25444e-4;-0.719638;313.273721;1 out of 4
313.273496;313.273496;3-oxo-nonadecanoic acid;[M+H];C19H36O3;-2.25444e-4;-0.719638;313.273721;1 out of 4
316.248176;316.248176;O-decanoyl-R-carnitine;[M+H];C17H33NO4;-5.89182e-5;-0.186304;316.248235;1 out of 4
316.248176;316.248176;Decanoylcarnitine;[M+H];C17H33NO4;-5.89182e-5;-0.186304;316.248235;1 out of 4
324.214819;324.214819;"2,6 dimethylheptanoyl carnitine";[M+Na];C16H31NO4;2.90237e-4;0.895200;324.214528;1 out of 4
324.214819;324.214819;Nonanoylcarnitine;[M+Na];C16H31NO4;2.90237e-4;0.895200;324.214528;1 out of 4
324.214819;324.214819;Unknown Name;[M+Na];C16H31NO4;2.90237e-4;0.895200;324.214528;52 out of 4
325.010715;325.010715;Baptigenin;[M+K];C15H10O6;-1.80285e-4;-0.554705;325.010895;3 out of 4
325.010715;325.010715;Unknown Name;[M+K];C15H10O6;-1.80285e-4;-0.554705;325.010895;48 out of 4
325.010715;325.010715;Orobol;[M+K];C15H10O6;-1.80285e-4;-0.554705;325.010895;3 out of 4
325.010715;325.010715;2'-Hydroxygenistein;[M+K];C15H10O6;-1.80285e-4;-0.554705;325.010895;3 out of 4
325.010715;325.010715;6-Hydroxygenistein;[M+K];C15H10O6;-1.80285e-4;-0.554705;325.010895;3 out of 4
325.010715;325.010715;Kaempferol;[M+K];C15H10O6;-1.80285e-4;-0.554705;325.010895;3 out of 4
325.010715;325.010715;Luteolin;[M+K];C15H10O6;-1.80285e-4;-0.554705;325.010895;3 out of 4
325.010715;325.010715;Unknown Name;[M+K];C15H10O6;-1.80285e-4;-0.554705;325.010895;48 out of 4
325.010715;325.010715;Unknown Name;[M+K];C15H10O6;-1.80285e-4;-0.554705;325.010895;48 out of 4
325.010715;325.010715;Unknown Name;[M+K];C15H10O6;-1.80285e-4;-0.554705;325.010895;48 out of 4
325.010715;325.010715;Unknown Name;[M+K];C15H10O6;-1.80285e-4;-0.554705;325.010895;48 out of 4
325.010715;325.010715;Norartocarpetin;[M+K];C15H10O6;-1.80285e-4;-0.554705;325.010895;3 out of 4
325.010715;325.010715;Scutellarein;[M+K];C15H10O6;-1.80285e-4;-0.554705;325.010895;3 out of 4
325.010715;325.010715;Isoscutellarein;[M+K];C15H10O6;-1.80285e-4;-0.554705;325.010895;3 out of 4
325.010715;325.010715;Fisetin;[M+K];C15H10O6;-1.80285e-4;-0.554705;325.010895;3 out of 4
325.010715;325.010715;Unknown Name;[M+K];C15H10O6;-1.80285e-4;-0.554705;325.010895;48 out of 4
325.010715;325.010715;Datiscetin;[M+K];C15H10O6;-1.80285e-4;-0.554705;325.010895;3 out of 4
325.010715;325.010715;6-Hydroxygalangin;[M+K];C15H10O6;-1.80285e-4;-0.554705;325.010895;3 out of 4
325.010715;325.010715;8-Hydroxygalangin;[M+K];C15H10O6;-1.80285e-4;-0.554705;325.010895;3 out of 4
325.010715;325.010715;Maritimetin;[M+K];C15H10O6;-1.80285e-4;-0.554705;325.010895;3 out of 4
325.010715;325.010715;Aureusidin;[M+K];C15H10O6;-1.80285e-4;-0.554705;325.010895;3 out of 4
325.010715;325.010715;Helmon;[M+K];C15H10O6;-1.80285e-4;-0.554705;325.010895;3 out of 4
325.010715;325.010715;omega-Hydroxyemodin;[M+K];C15H10O6;-1.80285e-4;-0.554705;325.010895;3 out of 4
337.273412;337.273412;"methyl 5R,6R-epoxy-7-eicosynoate";[M+H];C21H36O3;-3.08915e-4;-0.915916;337.273721;1 out of 4
337.273412;337.273412;"methyl 5S,6R-epoxy-7-eicosynoate";[M+H];C21H36O3;-3.08915e-4;-0.915916;337.273721;1 out of 4
337.273412;337.273412;11-(3-methyl-5-pentylfuran-2-yl)-undecanoic acid;[M+H];C21H36O3;-3.08915e-4;-0.915916;337.273721;1 out of 4
337.273412;337.273412;"11-(3,4-dimethyl-5-butylfuran-2-yl)-undecanoic acid";[M+H];C21H36O3;-3.08915e-4;-0.915916;337.273721;1 out of 4
337.273412;337.273412;"10-(3,4-dimethyl-5-pentylfuran-2-yl)-decanoic acid";[M+H];C21H36O3;-3.08915e-4;-0.915916;337.273721;1 out of 4
337.273412;337.273412;Isolinderanolide E;[M+H];C21H36O3;-3.08915e-4;-0.915916;337.273721;1 out of 4
337.273412;337.273412;5-(2R-hydroxy-pentadecyl)resorcinol;[M+H];C21H36O3;-3.08915e-4;-0.915916;337.273721;1 out of 4
341.065331;341.065331;Unknown Name;[M+H];C18H12O7;-2.47288e-4;-0.725045;341.065579;38 out of 4
341.065331;341.065331;Pulcherrimin;[M+H];C18H12O7;-2.47288e-4;-0.725045;341.065579;1 out of 4
341.065331;341.065331;Versicolorin B;[M+H];C18H12O7;-2.47288e-4;-0.725045;341.065579;1 out of 4
341.304852;341.304852;2-oxo-heneicosanoic acid;[M+H];C21H40O3;-1.69239e-4;-0.495860;341.305021;1 out of 4
341.304852;341.304852;20-oxo-heneicosanoic acid;[M+H];C21H40O3;-1.69239e-4;-0.495860;341.305021;1 out of 4
341.304852;341.304852;3-oxo-heneicosanoic acid;[M+H];C21H40O3;-1.69239e-4;-0.495860;341.305021;1 out of 4
341.304852;341.304852;5-oxo-heneicosanoic acid;[M+H];C21H40O3;-1.69239e-4;-0.495860;341.305021;1 out of 4
344.279211;344.279211;Dodecanoylcarnitine;[M+H];C19H37NO4;-3.23436e-4;-0.939457;344.279535;1 out of 4
344.279211;344.279211;O-dodecanoylcarnitine;[M+H];C19H37NO4;-3.23436e-4;-0.939457;344.279535;1 out of 4
344.279211;344.279211;N-palmitoyl serine;[M+H];C19H37NO4;-3.23436e-4;-0.939457;344.279535;1 out of 4
349.031726;349.031726;2-Hydroxyflemichapparin C;[M+Na];C17H10O7;-1.46619e-4;-0.420072;349.031873;1 out of 4
349.031726;349.031726;Tephrosol;[M+Na];C17H10O7;-1.46619e-4;-0.420072;349.031873;1 out of 4
349.031726;349.031726;Sophoracoumestan B;[M+Na];C17H10O7;-1.46619e-4;-0.420072;349.031873;1 out of 4
363.289027;363.289027;Unknown Name;[M+H];C23H38O3;-3.44316e-4;-0.947773;363.289371;38 out of 4
363.289027;363.289027;Norlithocholic acid;[M+H];C23H38O3;-3.44316e-4;-0.947773;363.289371;1 out of 4
363.289027;363.289027;2-(8-[5]-ladderane-octanyl)-sn-glycerol;[M+H];C23H38O3;-3.44316e-4;-0.947773;363.289371;1 out of 4
363.289027;363.289027;"1-O-(1E,3E,5E,7E,9E-eicosapentenyl)-sn-glycerol";[M+H];C23H38O3;-3.44316e-4;-0.947773;363.289371;1 out of 4
363.289027;363.289027;5-(2-oxo-heptadecyl)resorcinol;[M+H];C23H38O3;-3.44316e-4;-0.947773;363.289371;1 out of 4
363.289027;363.289027;Unknown Name;[M+H];C23H38O3;-3.44316e-4;-0.947773;363.289371;38 out of 4
385.128470;385.128470;Gancaonin D;[M+H];C21H20O7;2.90635e-4;0.754644;385.128179;1 out of 4
385.128470;385.128470;Piscerythrone;[M+H];C21H20O7;2.90635e-4;0.754644;385.128179;1 out of 4
385.128470;385.128470;Piscidone;[M+H];C21H20O7;2.90635e-4;0.754644;385.128179;1 out of 4
385.128470;385.128470;Sophoronol;[M+H];C21H20O7;2.90635e-4;0.754644;385.128179;1 out of 4
385.128470;385.128470;Mirificoumestan hydrate;[M+H];C21H20O7;2.90635e-4;0.754644;385.128179;1 out of 4
385.128470;385.128470;"7,4',5'-trihydroxy-5-methoxy-2-[3-methyl-2-butenyl]-coumestan";[M+H];C21H20O7;2.90635e-4;0.754644;385.128179;1 out of 4
385.128470;385.128470;Oxyisocyclointegrin;[M+H];C21H20O7;2.90635e-4;0.754644;385.128179;1 out of 4
385.128470;385.128470;Uralene;[M+H];C21H20O7;2.90635e-4;0.754644;385.128179;1 out of 4
385.128470;385.128470;Unknown Name;[M+H];C21H20O7;2.90635e-4;0.754644;385.128179;38 out of 4
385.128470;385.128470;Gancaonin P 3'methyl ether;[M+H];C21H20O7;2.90635e-4;0.754644;385.128179;1 out of 4
385.128470;385.128470;Unknown Name;[M+H];C21H20O7;2.90635e-4;0.754644;385.128179;38 out of 4
385.128470;385.128470;Unknown Name;[M+H];C21H20O7;2.90635e-4;0.754644;385.128179;38 out of 4
385.128470;385.128470;Unknown Name;[M+H];C21H20O7;2.90635e-4;0.754644;385.128179;38 out of 4
385.128470;385.128470;8-Hydroxygalangin 3-methyl ether 8-methylbutyrate;[M+H];C21H20O7;2.90635e-4;0.754644;385.128179;1 out of 4
385.128470;385.128470;Isognaphalin 8-butyrate;[M+H];C21H20O7;2.90635e-4;0.754644;385.128179;1 out of 4
385.128470;385.128470;Unknown Name;[M+H];C21H20O7;2.90635e-4;0.754644;385.128179;38 out of 4
385.128470;385.128470;Licopyranocoumarin;[M+H];C21H20O7;2.90635e-4;0.754644;385.128179;1 out of 4
393.037124;393.037124;Erosenone;[M+K];C19H14O7;1.43609e-5;0.036538;393.037110;1 out of 4
393.037124;393.037124;Unknown Name;[M+K];C19H14O7;1.43609e-5;0.036538;393.037110;48 out of 4
399.143945;399.143945;Isorhynchospermin;[M+H];C22H22O7;1.16218e-4;0.291167;399.143829;1 out of 4
399.143945;399.143945;Viridiflorin;[M+H];C22H22O7;1.16218e-4;0.291167;399.143829;1 out of 4
399.143945;399.143945;2'-Hydroxypiscerythrinetin;[M+H];C22H22O7;1.16218e-4;0.291167;399.143829;1 out of 4
399.143945;399.143945;Campylohirtin A;[M+H];C22H22O7;1.16218e-4;0.291167;399.143829;1 out of 4
399.143945;399.143945;Baohuosu;[M+H];C22H22O7;1.16218e-4;0.291167;399.143829;1 out of 4
399.143945;399.143945;Artoindonesianin Q;[M+H];C22H22O7;1.16218e-4;0.291167;399.143829;1 out of 4
399.143945;399.143945;Artoindonesianin R;[M+H];C22H22O7;1.16218e-4;0.291167;399.143829;1 out of 4
399.143945;399.143945;Rhynchospermin;[M+H];C22H22O7;1.16218e-4;0.291167;399.143829;1 out of 4
399.143945;399.143945;Unknown Name;[M+H];C22H22O7;1.16218e-4;0.291167;399.143829;38 out of 4
399.143945;399.143945;Unknown Name;[M+H];C22H22O7;1.16218e-4;0.291167;399.143829;38 out of 4
399.143945;399.143945;Unknown Name;[M+H];C22H22O7;1.16218e-4;0.291167;399.143829;38 out of 4
399.143945;399.143945;5-Hydroxy-2-(3-hydroxy-4-methoxyphenyl)-3-methoxy-7-[(3-methyl-2-butenyl)oxy]-4H-1-benzopyran-4-one;[M+H];C22H22O7;1.16218e-4;0.291167;399.143829;1 out of 4
399.143945;399.143945;Unknown Name;[M+H];C22H22O7;1.16218e-4;0.291167;399.143829;38 out of 4
399.143945;399.143945;Gnaphaliin 7-epoxymethylbutyl ether;[M+H];C22H22O7;1.16218e-4;0.291167;399.143829;1 out of 4
399.143945;399.143945;Unknown Name;[M+H];C22H22O7;1.16218e-4;0.291167;399.143829;38 out of 4
399.143945;399.143945;"6-Prenylherbacetin 3,8-dimethyl ether";[M+H];C22H22O7;1.16218e-4;0.291167;399.143829;1 out of 4
399.143945;399.143945;Unknown Name;[M+H];C22H22O7;1.16218e-4;0.291167;399.143829;38 out of 4
399.143945;399.143945;Hoslunddiol;[M+H];C22H22O7;1.16218e-4;0.291167;399.143829;1 out of 4
425.317256;425.317256;Palmitic acid;[M+NORHARMANE+H];C16H32O2;1.00534e-4;0.236374;425.317155;2 out of 4
425.317256;425.317256;Isopalmitic acid;[M+NORHARMANE+H];C16H32O2;1.00534e-4;0.236374;425.317155;2 out of 4
425.317256;425.317256;"2,6-dimethyl-tetradecanoic acid";[M+NORHARMANE+H];C16H32O2;1.00534e-4;0.236374;425.317155;2 out of 4
425.317256;425.317256;"2,8-dimethyl-tetradecanoic acid";[M+NORHARMANE+H];C16H32O2;1.00534e-4;0.236374;425.317155;2 out of 4
425.317256;425.317256;3-methyl-pentadecanoic acid;[M+NORHARMANE+H];C16H32O2;1.00534e-4;0.236374;425.317155;2 out of 4
425.317256;425.317256;2-propyl-tridecanoic acid;[M+NORHARMANE+H];C16H32O2;1.00534e-4;0.236374;425.317155;2 out of 4
425.317256;425.317256;2-hexyl-decanoic acid;[M+NORHARMANE+H];C16H32O2;1.00534e-4;0.236374;425.317155;2 out of 4
425.317256;425.317256;3-ethyl-3-methyl-tridecanoic acid;[M+NORHARMANE+H];C16H32O2;1.00534e-4;0.236374;425.317155;2 out of 4
425.317256;425.317256;2-heptyl-nonanoic acid;[M+NORHARMANE+H];C16H32O2;1.00534e-4;0.236374;425.317155;2 out of 4
425.317256;425.317256;6-ethyl-tetradecanoic acid;[M+NORHARMANE+H];C16H32O2;1.00534e-4;0.236374;425.317155;2 out of 4
425.317256;425.317256;"2,4-dimethyl-tetradecanoic acid";[M+NORHARMANE+H];C16H32O2;1.00534e-4;0.236374;425.317155;2 out of 4
425.317256;425.317256;"3,5-dimethyl-tetradecanoic acid";[M+NORHARMANE+H];C16H32O2;1.00534e-4;0.236374;425.317155;2 out of 4
425.317256;425.317256;4-hexyl-decanoic acid;[M+NORHARMANE+H];C16H32O2;1.00534e-4;0.236374;425.317155;2 out of 4
425.317256;425.317256;2-ethyl-2-butyl-decanoic acid;[M+NORHARMANE+H];C16H32O2;1.00534e-4;0.236374;425.317155;2 out of 4
425.317256;425.317256;Anteisohexa­decanoic acid;[M+NORHARMANE+H];C16H32O2;1.00534e-4;0.236374;425.317155;2 out of 4
425.317256;425.317256;"4,8,12-trimethyl-tridecanoic acid";[M+NORHARMANE+H];C16H32O2;1.00534e-4;0.236374;425.317155;2 out of 4
425.317256;425.317256;Neopalmitic acid;[M+NORHARMANE+H];C16H32O2;1.00534e-4;0.236374;425.317155;2 out of 4
425.317256;425.317256;"14:0(10Me,13Me)";[M+NORHARMANE+H];C16H32O2;1.00534e-4;0.236374;425.317155;2 out of 4
425.317256;425.317256;"2,13-dimethyltetradecanoic acid";[M+NORHARMANE+H];C16H32O2;1.00534e-4;0.236374;425.317155;2 out of 4
425.317256;425.317256;"4,13-dimethyltetradecanoic acid";[M+NORHARMANE+H];C16H32O2;1.00534e-4;0.236374;425.317155;2 out of 4
425.317256;425.317256;"4,12-dimethyltetradecanoic acid";[M+NORHARMANE+H];C16H32O2;1.00534e-4;0.236374;425.317155;2 out of 4
425.317256;425.317256;"2,12-dimethyltetradecanoic acid";[M+NORHARMANE+H];C16H32O2;1.00534e-4;0.236374;425.317155;2 out of 4
425.317256;425.317256;2-hydroxyhexadecanal;[M+NORHARMANE+H];C16H32O2;1.00534e-4;0.236374;425.317155;2 out of 4
425.317256;425.317256;Tetradecyl acetate;[M+NORHARMANE+H];C16H32O2;1.00534e-4;0.236374;425.317155;2 out of 4
425.317256;425.317256;dodecyl butyrate;[M+NORHARMANE+H];C16H32O2;1.00534e-4;0.236374;425.317155;2 out of 4
425.317256;425.317256;decyl hexanoate;[M+NORHARMANE+H];C16H32O2;1.00534e-4;0.236374;425.317155;2 out of 4
425.317256;425.317256;octyl octanoate;[M+NORHARMANE+H];C16H32O2;1.00534e-4;0.236374;425.317155;2 out of 4
425.317256;425.317256;hexyl decanoate;[M+NORHARMANE+H];C16H32O2;1.00534e-4;0.236374;425.317155;2 out of 4
425.317256;425.317256;ethyl tetradecanoate;[M+NORHARMANE+H];C16H32O2;1.00534e-4;0.236374;425.317155;2 out of 4
425.317256;425.317256;"Methyl 2,6,10-trimethyl-dodecanoate";[M+NORHARMANE+H];C16H32O2;1.00534e-4;0.236374;425.317155;2 out of 4
425.317256;425.317256;7-Methyloctyl 5-methylhexanoate;[M+NORHARMANE+H];C16H32O2;1.00534e-4;0.236374;425.317155;2 out of 4
425.317256;425.317256;Butyl dodecanoate;[M+NORHARMANE+H];C16H32O2;1.00534e-4;0.236374;425.317155;2 out of 4
425.317256;425.317256;Dodecyl 2-methylpropanoate;[M+NORHARMANE+H];C16H32O2;1.00534e-4;0.236374;425.317155;2 out of 4
485.055442;485.055442;"1-chloro-3-(5'-(penta-1,3-diyn-1-yl)-[2,2'-bithiophen]-5-yl)prop-2-yn-1-ol";[M+NORHARMANE+H];C16H9OS2Cl;1.81967e-4;0.375148;485.055260;1 out of 4
491.407212;491.407212;Argenonic acid;[M+Na];C29H56O4;1.31290e-4;0.267173;491.407080;1 out of 4
491.407212;491.407212;"Nonacosane-1,29-dioic acid";[M+Na];C29H56O4;1.31290e-4;0.267173;491.407080;1 out of 4
519.323764;519.323764;"(22E,24E,24bE)-1alpha,25-dihydroxy-26,27-dimethyl-22,23,24,24a,24b,24c-hexadehydro-24a,24b,24c-trihomovitamin D3 / (22E,24E,24bE)-1alpha,25-dihydroxy-26,27-dimethyl-22,23,24,24a,24b,24c-hexadehydro-24a,24b,24c-trihomocholecalciferol";[M+K];C32H48O3;2.61193e-4;0.502949;519.323502;1 out of 4
531.286121;531.286121;Cortisol;[M+NORHARMANE+H];C21H30O5;-1.28538e-4;-0.241937;531.286249;1 out of 4
531.286121;531.286121;18-Hydroxycorticosterone;[M+NORHARMANE+H];C21H30O5;-1.28538e-4;-0.241937;531.286249;1 out of 4
531.286121;531.286121;"4,5beta-Dihydrocortisone";[M+NORHARMANE+H];C21H30O5;-1.28538e-4;-0.241937;531.286249;1 out of 4
531.286121;531.286121;"4,5alpha-Dihydrocortisone";[M+NORHARMANE+H];C21H30O5;-1.28538e-4;-0.241937;531.286249;1 out of 4
531.286121;531.286121;poststerone;[M+NORHARMANE+H];C21H30O5;-1.28538e-4;-0.241937;531.286249;1 out of 4
531.286121;531.286121;Unknown Name;[M+NORHARMANE+H];C21H30O5;-1.28538e-4;-0.241937;531.286249;46 out of 4
531.286121;531.286121;"11beta,20-Dihydroxy-3-oxopregn-4-en-21-oic acid";[M+NORHARMANE+H];C21H30O5;-1.28538e-4;-0.241937;531.286249;1 out of 4
531.286121;531.286121;20alpha-DHOPA;[M+NORHARMANE+H];C21H30O5;-1.28538e-4;-0.241937;531.286249;1 out of 4
531.286121;531.286121;"1alpha,17alpha,21-trihydroxy-20-oxo-22,23,24,25,26,27-hexanorvitamin D3 / 1alpha,17alpha,21-trihydroxy-20-oxo-22,23,24,25,26,27-hexanorcholecalciferol";[M+NORHARMANE+H];C21H30O5;-1.28538e-4;-0.241937;531.286249;1 out of 4
531.286121;531.286121;Lophachinin B;[M+NORHARMANE+H];C21H30O5;-1.28538e-4;-0.241937;531.286249;1 out of 4
545.338084;545.338084;"MG(0:0/20:5(5Z,8Z,11Z,14Z,17Z)/0:0)";[M+NORHARMANE+H];C23H36O4;-2.01054e-4;-0.368677;545.338285;1 out of 4
545.338084;545.338084;Austroyunone A;[M+NORHARMANE+H];C23H36O4;-2.01054e-4;-0.368677;545.338285;1 out of 4
546.355207;546.355207;"PC(20:3(8Z,11Z,14Z)/0:0)";[M+H];C28H52NO7P;-2.08567e-4;-0.381742;546.355416;1 out of 4
546.355207;546.355207;"PC(20:3(5Z,8Z,11Z)/0:0)";[M+H];C28H52NO7P;-2.08567e-4;-0.381742;546.355416;1 out of 4
547.085211;547.085211;Unknown Name;[M+K];C23H24O13;3.63048e-4;0.663605;547.084848;48 out of 4
547.085211;547.085211;Unknown Name;[M+K];C23H24O13;3.63048e-4;0.663605;547.084848;48 out of 4
547.085211;547.085211;Unknown Name;[M+K];C23H24O13;3.63048e-4;0.663605;547.084848;48 out of 4
547.085211;547.085211;Pleurostimin 7-methyl ether 6-glucoside;[M+K];C23H24O13;3.63048e-4;0.663605;547.084848;1 out of 4
547.085211;547.085211;Moghanin A;[M+K];C23H24O13;3.63048e-4;0.663605;547.084848;1 out of 4
547.085211;547.085211;Syringetin 3-glucoside;[M+K];C23H24O13;3.63048e-4;0.663605;547.084848;1 out of 4
547.085211;547.085211;"Myricetin 3',4'-dimethyl ether 3-glucoside";[M+K];C23H24O13;3.63048e-4;0.663605;547.084848;1 out of 4
547.085211;547.085211;"Myricetin 7,4'-dimethyl ether 3-galactoside";[M+K];C23H24O13;3.63048e-4;0.663605;547.084848;1 out of 4
547.085211;547.085211;Eupatolitin 3-galactoside;[M+K];C23H24O13;3.63048e-4;0.663605;547.084848;1 out of 4
547.085211;547.085211;Eupatolitin 3-glucoside;[M+K];C23H24O13;3.63048e-4;0.663605;547.084848;1 out of 4
547.085211;547.085211;Spinacetin 3-glucoside;[M+K];C23H24O13;3.63048e-4;0.663605;547.084848;1 out of 4
547.085211;547.085211;Axillaroside;[M+K];C23H24O13;3.63048e-4;0.663605;547.084848;1 out of 4
547.085211;547.085211;Tomentin 6-galactoside;[M+K];C23H24O13;3.63048e-4;0.663605;547.084848;1 out of 4
547.085211;547.085211;Tomentin 6-glucoside;[M+K];C23H24O13;3.63048e-4;0.663605;547.084848;1 out of 4
547.085211;547.085211;Tomentin 4'-glucoside;[M+K];C23H24O13;3.63048e-4;0.663605;547.084848;1 out of 4
547.085211;547.085211;"Quercetagetin 3,3'-dimethyl ether 7-glucoside";[M+K];C23H24O13;3.63048e-4;0.663605;547.084848;1 out of 4
547.085211;547.085211;Spinacetin 7-glucoside;[M+K];C23H24O13;3.63048e-4;0.663605;547.084848;1 out of 4
547.085211;547.085211;"Quercetagetin 7,3'-dimethyl ether 6-glucoside";[M+K];C23H24O13;3.63048e-4;0.663605;547.084848;1 out of 4
547.085211;547.085211;Limocitrin 3-galactoside;[M+K];C23H24O13;3.63048e-4;0.663605;547.084848;1 out of 4
547.085211;547.085211;"Gossypetin 7,8-dimethyl ether 3-glucoside";[M+K];C23H24O13;3.63048e-4;0.663605;547.084848;1 out of 4
547.085211;547.085211;Limocitrin 3-glucoside;[M+K];C23H24O13;3.63048e-4;0.663605;547.084848;1 out of 4
547.085211;547.085211;"Gossypetin 7,8-dimethyl ether 4'-glucoside";[M+K];C23H24O13;3.63048e-4;0.663605;547.084848;1 out of 4
547.085211;547.085211;"Gossypetin 7,4'-dimethyl ether 8-glucoside";[M+K];C23H24O13;3.63048e-4;0.663605;547.084848;1 out of 4
547.085211;547.085211;Limocitrin 7-glucoside;[M+K];C23H24O13;3.63048e-4;0.663605;547.084848;1 out of 4
547.085211;547.085211;"Gossypetin 3,8-dimethyl ether 5-glucoside";[M+K];C23H24O13;3.63048e-4;0.663605;547.084848;1 out of 4
547.085211;547.085211;"Hibiscetin 8,3'-dimethyl ether 3-rhamnoside";[M+K];C23H24O13;3.63048e-4;0.663605;547.084848;1 out of 4
547.085211;547.085211;Tarenninoside B;[M+K];C23H24O13;3.63048e-4;0.663605;547.084848;1 out of 4
547.354438;547.354438;"9-deoxy-9-methylene-16,16-dimethyl -PGE2";[M+NORHARMANE+H];C23H38O4;5.02859e-4;0.918709;547.353935;1 out of 4
547.354438;547.354438;"1-Acetoxy-2-hydroxy-5,12,15-heneicosatrien-4-one";[M+NORHARMANE+H];C23H38O4;5.02859e-4;0.918709;547.353935;1 out of 4
547.354438;547.354438;Persenone A;[M+NORHARMANE+H];C23H38O4;5.02859e-4;0.918709;547.353935;1 out of 4
547.354438;547.354438;Persenone A;[M+NORHARMANE+H];C23H38O4;5.02859e-4;0.918709;547.353935;1 out of 4
547.354438;547.354438;1-Juniperoyl glycerol;[M+NORHARMANE+H];C23H38O4;5.02859e-4;0.918709;547.353935;1 out of 4
547.354438;547.354438;2-Juniperoyl glycerol;[M+NORHARMANE+H];C23H38O4;5.02859e-4;0.918709;547.353935;1 out of 4
547.354438;547.354438;Unknown Name;[M+NORHARMANE+H];C23H38O4;5.02859e-4;0.918709;547.353935;46 out of 4
547.354438;547.354438;Norchenodeoxycholic acid;[M+NORHARMANE+H];C23H38O4;5.02859e-4;0.918709;547.353935;1 out of 4
547.354438;547.354438;Nordeoxycholic acid;[M+NORHARMANE+H];C23H38O4;5.02859e-4;0.918709;547.353935;1 out of 4
547.354438;547.354438;Norursodeoxycholic acid;[M+NORHARMANE+H];C23H38O4;5.02859e-4;0.918709;547.353935;1 out of 4
547.354438;547.354438;Norhyodeoxycholic acid;[M+NORHARMANE+H];C23H38O4;5.02859e-4;0.918709;547.353935;1 out of 4
547.354438;547.354438;Normurideoxycholic acid;[M+NORHARMANE+H];C23H38O4;5.02859e-4;0.918709;547.353935;1 out of 4
547.354438;547.354438;"MG(0:0/20:4(5Z,8Z,11Z,14Z)/0:0)";[M+NORHARMANE+H];C23H38O4;5.02859e-4;0.918709;547.353935;1 out of 4
547.354438;547.354438;1-arachidonoyl-sn-glycerol;[M+NORHARMANE+H];C23H38O4;5.02859e-4;0.918709;547.353935;1 out of 4
549.276506;549.276506;Fludrocortisone;[M+NORHARMANE+H];C21H29FO5;-3.21309e-4;-0.584968;549.276827;1 out of 4
563.080214;563.080214;Unknown Name;[M+K];C23H24O14;4.51341e-4;0.801557;563.079762;48 out of 4
571.317916;571.317916;Hexanorisocucurbitacin D;[M+NORHARMANE+H];C24H34O5;3.67208e-4;0.642739;571.317549;1 out of 4
571.317916;571.317916;Dehydrocholic acid;[M+NORHARMANE+H];C24H34O5;3.67208e-4;0.642739;571.317549;1 out of 4
571.317916;571.317916;Bendigole F;[M+NORHARMANE+H];C24H34O5;3.67208e-4;0.642739;571.317549;1 out of 4
571.317916;571.317916;Unknown Name;[M+NORHARMANE+H];C24H34O5;3.67208e-4;0.642739;571.317549;46 out of 4
571.317916;571.317916;Unknown Name;[M+NORHARMANE+H];C24H34O5;3.67208e-4;0.642739;571.317549;46 out of 4
571.317916;571.317916;Unknown Name;[M+NORHARMANE+H];C24H34O5;3.67208e-4;0.642739;571.317549;46 out of 4
571.317916;571.317916;Unknown Name;[M+NORHARMANE+H];C24H34O5;3.67208e-4;0.642739;571.317549;46 out of 4
571.317916;571.317916;Unknown Name;[M+NORHARMANE+H];C24H34O5;3.67208e-4;0.642739;571.317549;46 out of 4
571.317916;571.317916;Unknown Name;[M+NORHARMANE+H];C24H34O5;3.67208e-4;0.642739;571.317549;46 out of 4
571.317916;571.317916;Unknown Name;[M+NORHARMANE+H];C24H34O5;3.67208e-4;0.642739;571.317549;46 out of 4
571.317916;571.317916;Bendigole C;[M+NORHARMANE+H];C24H34O5;3.67208e-4;0.642739;571.317549;1 out of 4
571.317916;571.317916;1beta-hydroxybufalin;[M+NORHARMANE+H];C24H34O5;3.67208e-4;0.642739;571.317549;1 out of 4
571.317916;571.317916;Desacetylbufotalin;[M+NORHARMANE+H];C24H34O5;3.67208e-4;0.642739;571.317549;1 out of 4
571.317916;571.317916;Telocinobufagin;[M+NORHARMANE+H];C24H34O5;3.67208e-4;0.642739;571.317549;1 out of 4
571.317916;571.317916;Gamabufotalin;[M+NORHARMANE+H];C24H34O5;3.67208e-4;0.642739;571.317549;1 out of 4
573.064308;573.064308;Orobol 7-O-(6''-malonylglucoside);[M+K];C24H22O14;1.95782e-4;0.341641;573.064112;1 out of 4
573.064308;573.064308;Luteolin 7-O-(6''-malonylglucoside);[M+K];C24H22O14;1.95782e-4;0.341641;573.064112;1 out of 4
573.064308;573.064308;Luteolin 5-(6''-malonylglucoside);[M+K];C24H22O14;1.95782e-4;0.341641;573.064112;1 out of 4
573.064308;573.064308;Luteolin 7-(2''-glucuronosyllactate);[M+K];C24H22O14;1.95782e-4;0.341641;573.064112;1 out of 4
573.064308;573.064308;Scutellarein 7-(6''-malonylglucoside);[M+K];C24H22O14;1.95782e-4;0.341641;573.064112;1 out of 4
573.064308;573.064308;Kaempferol 3-(6''-malonylgalactoside);[M+K];C24H22O14;1.95782e-4;0.341641;573.064112;1 out of 4
573.064308;573.064308;Kaempferol 3-(6''-malonylglucoside);[M+K];C24H22O14;1.95782e-4;0.341641;573.064112;1 out of 4
573.064308;573.064308;Quercetin 3-(4''-malonylrhamnoside);[M+K];C24H22O14;1.95782e-4;0.341641;573.064112;1 out of 4
573.064308;573.064308;Unknown Name;[M+K];C24H22O14;1.95782e-4;0.341641;573.064112;48 out of 4
573.303190;573.303190;"PI(16:0/0:0)";[M+H];C25H49O12P;-2.49719e-4;-0.435580;573.303440;1 out of 4
574.348280;574.348280;"PC(16:0/3:0)";[M+Na];C27H54NO8P;3.55459e-4;0.618892;574.347924;1 out of 4
574.348280;574.348280;"PC(17:0/2:0)";[M+Na];C27H54NO8P;3.55459e-4;0.618892;574.347924;1 out of 4
575.080217;575.080217;Laricitrin 3-(6''-acetylglucoside);[M+K];C24H24O14;4.54435e-4;0.790212;575.079762;1 out of 4
575.080217;575.080217;Patuletin 3-(6''-acetylglucoside);[M+K];C24H24O14;4.54435e-4;0.790212;575.079762;1 out of 4
575.080217;575.080217;Jaceidin 4'-glucuronide;[M+K];C24H24O14;4.54435e-4;0.790212;575.079762;1 out of 4
575.080217;575.080217;Haploside A;[M+K];C24H24O14;4.54435e-4;0.790212;575.079762;1 out of 4
595.317694;595.317694;"2'-eicosa-15S-hydroxy-5Z,8Z,11Z,13E,17Z-pentaenoylphloroglucinol";[M+NORHARMANE+H];C26H34O5;1.44714e-4;0.243087;595.317549;1 out of 4
599.501429;599.501429;phenolic phthiocerol;[M+Na];C37H68O4;4.47955e-4;0.747213;599.500981;1 out of 4
603.532761;603.532761;"DG(O-16:0/18:1(9Z))";[M+Na];C37H72O4;4.80059e-4;0.795415;603.532281;1 out of 4
605.541169;605.541169;Triacontanal;[M+NORHARMANE+H];C30H60O;-1.72844e-4;-0.285437;605.541342;1 out of 4
605.541169;605.541169;2-Triacontanone;[M+NORHARMANE+H];C30H60O;-1.72844e-4;-0.285437;605.541342;1 out of 4
615.074624;615.074624;"Myricetin 3-(2'',3'',4''-triacetylxyloside)";[M+K];C26H24O15;-5.25987e-5;-0.085516;615.074677;1 out of 4
617.359583;617.359583;"Ethyl-(5R,12S)-diacetoxy-(6E,8E,10E,14Z)-eicosatetraenoate";[M+NORHARMANE+H];C26H40O6;1.68649e-4;0.273178;617.359414;1 out of 4
617.359583;617.359583;"Ethyl-(5S,12S)-diacetoxy-(6E,8E,10E,14Z)-eicosatetraenoate";[M+NORHARMANE+H];C26H40O6;1.68649e-4;0.273178;617.359414;1 out of 4
617.359583;617.359583;"7,8-Didehydroastaxanthin";[M+Na];C40H50O4;-5.47431e-4;-0.886729;617.360130;1 out of 4
617.359583;617.359583;4-Keto-4'-hydroxyalloxanthin;[M+Na];C40H50O4;-5.47431e-4;-0.886729;617.360130;1 out of 4
620.389960;620.389960;1-(2-methoxy-docosanyl)-sn-glycero-3-phosphoserine;[M+Na];C29H60NO9P;1.70530e-4;0.274876;620.389789;1 out of 4
625.516885;625.516885;Unknown Name;[M+Na];C39H70O4;2.53823e-4;0.405781;625.516631;52 out of 4
625.516885;625.516885;1-(hexadecanoyl)-2-(8-[3]-ladderane-octanyl)-sn-glycerol;[M+Na];C39H70O4;2.53823e-4;0.405781;625.516631;1 out of 4
625.516885;625.516885;1-(14-methyl-pentadecanoyl)-2-(8-[1]-ladderane-octanyl)-sn-glycerol;[M+Na];C39H70O4;2.53823e-4;0.405781;625.516631;1 out of 4
625.516885;625.516885;1-(hexadecanoyl)-2-(8-[1]-ladderane-octanyl)-sn-glycerol;[M+Na];C39H70O4;2.53823e-4;0.405781;625.516631;1 out of 4
630.616452;630.616452;"Cer(m18:0/22:0)";[M+Na];C40H81NO2;5.01530e-4;0.795302;630.615951;1 out of 4
634.405252;634.405252;1-(2-methoxy-tricosanyl)-sn-glycero-3-phosphoserine;[M+Na];C30H62NO9P;-1.87592e-4;-0.295697;634.405439;1 out of 4
645.390653;645.390653;(-)-Asbestinine 2;[M+NORHARMANE+H];C28H44O6;-6.07606e-5;-0.094146;645.390714;1 out of 4
645.434012;645.434012;Ginsenoside Rh2;[M+Na];C36H62O8;3.22681e-4;0.499944;645.433689;1 out of 4
648.420838;648.420838;1-(2-methoxy-tetracosanyl)-sn-glycero-3-phosphoserine;[M+Na];C31H64NO9P;-2.51282e-4;-0.387529;648.421089;1 out of 4
657.390408;657.390408;Ximaosteroid D;[M+NORHARMANE+H];C29H44O6;-3.06306e-4;-0.465942;657.390714;1 out of 4
657.390408;657.390408;Acetylpinnasterol;[M+NORHARMANE+H];C29H44O6;-3.06306e-4;-0.465942;657.390714;1 out of 4
657.390408;657.390408;Norquandrangularic acid D;[M+NORHARMANE+H];C29H44O6;-3.06306e-4;-0.465942;657.390714;1 out of 4
659.391358;659.391358;3-O-alpha-L-rhamnopyranosyl-3-hydroxynonanoyl-3-hydroxydecanoic acid;[M+NORHARMANE+H];C25H46O9;2.49860e-4;0.378925;659.391108;1 out of 4
660.420751;660.420751;1-(2-methoxy-18Z-pentacosenyl)-sn-glycero-3-phosphoserine;[M+Na];C32H64NO9P;-3.38433e-4;-0.512450;660.421089;1 out of 4
661.465243;661.465243;Squamocin-P;[M+Na];C37H66O8;2.54005e-4;0.384004;661.464989;2 out of 4
661.465243;661.465243;Annosquatin IV;[M+Na];C37H66O8;2.54005e-4;0.384004;661.464989;2 out of 4
661.465243;661.465243;Gigantecin;[M+Na];C37H66O8;2.54005e-4;0.384004;661.464989;2 out of 4
661.465243;661.465243;Annosquatin A;[M+Na];C37H66O8;2.54005e-4;0.384004;661.464989;2 out of 4
661.465243;661.465243;Annosquatin-II;[M+Na];C37H66O8;2.54005e-4;0.384004;661.464989;2 out of 4
661.465243;661.465243;Squamostanin-A;[M+Na];C37H66O8;2.54005e-4;0.384004;661.464989;2 out of 4
661.465243;661.465243;Squamostanin-B;[M+Na];C37H66O8;2.54005e-4;0.384004;661.464989;2 out of 4
661.465243;661.465243;Annosquatin-III;[M+Na];C37H66O8;2.54005e-4;0.384004;661.464989;2 out of 4
673.421392;673.421392;Protobassic acid;[M+NORHARMANE+H];C30H48O6;-6.21814e-4;-0.923365;673.422014;1 out of 4
673.421392;673.421392;6beta-Hydroxyasiatic acid;[M+NORHARMANE+H];C30H48O6;-6.21814e-4;-0.923365;673.422014;1 out of 4
673.421392;673.421392;Brahucin B;[M+NORHARMANE+H];C30H48O6;-6.21814e-4;-0.923365;673.422014;1 out of 4
674.436077;674.436077;"PC(O-16:0/9:0(COOH))";[M+Na];C33H66NO9P;-6.62495e-4;-0.982294;674.436739;1 out of 4
674.436077;674.436077;1-(2-methoxy-19Z-hexacosenyl)-sn-glycero-3-phosphoserine;[M+Na];C33H66NO9P;-6.62495e-4;-0.982294;674.436739;1 out of 4
675.540553;675.540553;"1-(O-alpha-D-glucopyranosyl)-29-keto-(1,3R,31R)-dotriacontanetriol";[M+H];C38H74O9;-7.05220e-6;-0.010439;675.540560;3 out of 4
675.540553;675.540553;"1-(O-alpha-D-mannopyranosyl)-29-keto-(1,3R,31R)-dotriacontanetriol";[M+H];C38H74O9;-7.05220e-6;-0.010439;675.540560;3 out of 4
685.465268;685.465268;"1-(O-alpha-D-glucopyranosyl)-3-keto-(1,27R,29R)-triacontanetriol";[M+K];C36H70O9;1.27056e-4;0.185358;685.465141;1 out of 4
685.465268;685.465268;"1-(O-alpha-D-galactopyranosyl)-3-keto-(1,27R,29R)-triacontanetriol";[M+K];C36H70O9;1.27056e-4;0.185358;685.465141;1 out of 4
685.465268;685.465268;"1-(O-alpha-D-glucopyranosyl)-27-keto-(1,3R,29R)-triacontanetriol";[M+K];C36H70O9;1.27056e-4;0.185358;685.465141;1 out of 4
689.416753;689.416753;Cucurbitacin P;[M+NORHARMANE+H];C30H48O7;-1.75599e-4;-0.254706;689.416929;1 out of 4
689.416753;689.416753;Hippurin-1;[M+NORHARMANE+H];C30H48O7;-1.75599e-4;-0.254706;689.416929;1 out of 4
689.416753;689.416753;22-epi-Hippurin-1;[M+NORHARMANE+H];C30H48O7;-1.75599e-4;-0.254706;689.416929;1 out of 4
697.522574;697.522574;"1-(O-alpha-D-glucopyranosyl)-29-keto-(1,3R,31R)-dotriacontanetriol";[M+Na];C38H74O9;6.98412e-5;0.100127;697.522504;3 out of 4
697.522574;697.522574;"1-(O-alpha-D-mannopyranosyl)-29-keto-(1,3R,31R)-dotriacontanetriol";[M+Na];C38H74O9;6.98412e-5;0.100127;697.522504;3 out of 4
699.436809;699.436809;"PA(13:0/20:1(11Z))";[M+K];C36H69O8P;6.46283e-4;0.924005;699.436163;2 out of 4
699.436809;699.436809;"PA(14:0/19:1(9Z))";[M+K];C36H69O8P;6.46283e-4;0.924005;699.436163;2 out of 4
699.436809;699.436809;"PA(14:1(9Z)/19:0)";[M+K];C36H69O8P;6.46283e-4;0.924005;699.436163;2 out of 4
699.436809;699.436809;"PA(15:0/18:1(9Z))";[M+K];C36H69O8P;6.46283e-4;0.924005;699.436163;2 out of 4
699.436809;699.436809;"PA(15:1(9Z)/18:0)";[M+K];C36H69O8P;6.46283e-4;0.924005;699.436163;2 out of 4
699.436809;699.436809;"PA(16:1(9Z)/17:0)";[M+K];C36H69O8P;6.46283e-4;0.924005;699.436163;2 out of 4
699.436809;699.436809;"PA(17:0/16:1(9Z))";[M+K];C36H69O8P;6.46283e-4;0.924005;699.436163;2 out of 4
699.436809;699.436809;"PA(17:1(9Z)/16:0)";[M+K];C36H69O8P;6.46283e-4;0.924005;699.436163;2 out of 4
699.436809;699.436809;"PA(18:0/15:1(9Z))";[M+K];C36H69O8P;6.46283e-4;0.924005;699.436163;2 out of 4
699.436809;699.436809;"PA(18:1(9Z)/15:0)";[M+K];C36H69O8P;6.46283e-4;0.924005;699.436163;2 out of 4
699.436809;699.436809;"PA(19:0/14:1(9Z))";[M+K];C36H69O8P;6.46283e-4;0.924005;699.436163;2 out of 4
699.436809;699.436809;"PA(19:1(9Z)/14:0)";[M+K];C36H69O8P;6.46283e-4;0.924005;699.436163;2 out of 4
699.436809;699.436809;"PA(20:1(11Z)/13:0)";[M+K];C36H69O8P;6.46283e-4;0.924005;699.436163;2 out of 4
699.436809;699.436809;"PA(16:0/17:1(9Z))";[M+K];C36H69O8P;6.46283e-4;0.924005;699.436163;2 out of 4
700.524807;700.524807;"PC(O-14:0/15:0)";[M+Na];C37H76NO7P;-3.53492e-4;-0.504610;700.525160;1 out of 4
700.524807;700.524807;"PC(O-16:0/13:0)";[M+Na];C37H76NO7P;-3.53492e-4;-0.504610;700.525160;1 out of 4
700.524807;700.524807;"PE(O-18:0/14:0)";[M+Na];C37H76NO7P;-3.53492e-4;-0.504610;700.525160;1 out of 4
700.524807;700.524807;"PE(O-20:0/12:0)";[M+Na];C37H76NO7P;-3.53492e-4;-0.504610;700.525160;1 out of 4
700.524807;700.524807;"PE(O-16:0/16:0)";[M+Na];C37H76NO7P;-3.53492e-4;-0.504610;700.525160;1 out of 4
701.452864;701.452864;Unknown Name;[M+NORHARMANE+H];C32H52O6;-4.50676e-4;-0.642488;701.453314;46 out of 4
701.452864;701.452864;Unknown Name;[M+NORHARMANE+H];C32H52O6;-4.50676e-4;-0.642488;701.453314;46 out of 4
701.452864;701.452864;Unknown Name;[M+NORHARMANE+H];C32H52O6;-4.50676e-4;-0.642488;701.453314;46 out of 4
701.452864;701.452864;Unknown Name;[M+NORHARMANE+H];C32H52O6;-4.50676e-4;-0.642488;701.453314;46 out of 4
702.467489;702.467489;"PS(O-16:0/13:0)";[M+Na];C35H70NO9P;-5.50669e-4;-0.783906;702.468039;1 out of 4
702.467489;702.467489;1-(2-methoxy-21Z-octacosenyl)-sn-glycero-3-phosphoserine;[M+Na];C35H70NO9P;-5.50669e-4;-0.783906;702.468039;1 out of 4
703.535822;703.535822;"MGDG(14:0/16:0)";[M+H];C39H74O10;3.47721e-4;0.494248;703.535475;2 out of 4
703.563450;703.563450;"PA(O-18:0/19:1(9Z))";[M+H];C40H79O7P;-1.67847e-4;-0.238568;703.563617;2 out of 4
703.563450;703.563450;"PA(O-20:0/17:1(9Z))";[M+H];C40H79O7P;-1.67847e-4;-0.238568;703.563617;2 out of 4
703.563450;703.563450;"PA(P-16:0/21:0)";[M+H];C40H79O7P;-1.67847e-4;-0.238568;703.563617;2 out of 4
703.563450;703.563450;"PA(P-18:0/19:0)";[M+H];C40H79O7P;-1.67847e-4;-0.238568;703.563617;2 out of 4
703.563450;703.563450;"PA(P-20:0/17:0)";[M+H];C40H79O7P;-1.67847e-4;-0.238568;703.563617;2 out of 4
703.563450;703.563450;"DG(19:0/20:1(11Z)/0:0)[iso2]";[M+K];C42H80O5;-2.83009e-4;-0.402251;703.563733;1 out of 4
703.563450;703.563450;"DG(17:1(9Z)/22:0/0:0)[iso2]";[M+K];C42H80O5;-2.83009e-4;-0.402251;703.563733;1 out of 4
703.563450;703.563450;"DG(17:0/22:1(13Z)/0:0)[iso2]";[M+K];C42H80O5;-2.83009e-4;-0.402251;703.563733;1 out of 4
703.563450;703.563450;"DG(18:1(9Z)/21:0/0:0)[iso2]";[M+K];C42H80O5;-2.83009e-4;-0.402251;703.563733;1 out of 4
703.563450;703.563450;"DG(19:1(9Z)/20:0/0:0)[iso2]";[M+K];C42H80O5;-2.83009e-4;-0.402251;703.563733;1 out of 4
705.578615;705.578615;"PA(O-16:0/21:0)";[M+H];C40H81O7P;-6.52999e-4;-0.925480;705.579268;1 out of 4
705.578615;705.578615;"PA(O-18:0/19:0)";[M+H];C40H81O7P;-6.52999e-4;-0.925480;705.579268;1 out of 4
705.578615;705.578615;"PA(O-20:0/17:0)";[M+H];C40H81O7P;-6.52999e-4;-0.925480;705.579268;1 out of 4
713.452619;713.452619;"11alpha-Hemiglutaryloxy-1,25-dihydroxyvitamin D3";[M+NORHARMANE+H];C33H52O6;-6.95734e-4;-0.975165;713.453314;1 out of 4
713.496389;713.496389;"1-(O-alpha-D-glucopyranosyl)-29-keto-(1,3R,31R)-dotriacontanetriol";[M+K];C38H74O9;-5.19509e-5;-0.072812;713.496441;3 out of 4
713.496389;713.496389;"1-(O-alpha-D-mannopyranosyl)-29-keto-(1,3R,31R)-dotriacontanetriol";[M+K];C38H74O9;-5.19509e-5;-0.072812;713.496441;3 out of 4
717.447741;717.447741;Unknown Name;[M+NORHARMANE+H];C32H52O7;-4.88328e-4;-0.680646;717.448229;46 out of 4
721.589954;721.589954;22:5 Cholesterol ester;[M+Na];C49H78O2;5.52464e-4;0.765621;721.589402;1 out of 4
725.517353;725.517353;"MGDG(14:0/16:0)";[M+Na];C39H74O10;-6.59814e-5;-0.090944;725.517419;2 out of 4
725.545145;725.545145;"PA(O-18:0/19:1(9Z))";[M+Na];C40H79O7P;-4.16355e-4;-0.573851;725.545561;2 out of 4
725.545145;725.545145;"PA(O-20:0/17:1(9Z))";[M+Na];C40H79O7P;-4.16355e-4;-0.573851;725.545561;2 out of 4
725.545145;725.545145;"PA(P-16:0/21:0)";[M+Na];C40H79O7P;-4.16355e-4;-0.573851;725.545561;2 out of 4
725.545145;725.545145;"PA(P-18:0/19:0)";[M+Na];C40H79O7P;-4.16355e-4;-0.573851;725.545561;2 out of 4
725.545145;725.545145;"PA(P-20:0/17:0)";[M+Na];C40H79O7P;-4.16355e-4;-0.573851;725.545561;2 out of 4
729.519848;729.519848;"PA(O-20:0/16:0)";[M+K];C39H79O7P;3.49448e-4;0.479011;729.519498;1 out of 4
729.519848;729.519848;"PA(O-18:0/18:0)";[M+K];C39H79O7P;3.49448e-4;0.479011;729.519498;1 out of 4
729.519848;729.519848;"PA(O-16:0/20:0)";[M+K];C39H79O7P;3.49448e-4;0.479011;729.519498;1 out of 4
733.553762;733.553762;"(22E,24R)-ergosta-7,22-dien-3beta,5alpha-dihydroxy-6beta-yl oleate";[M+K];C46H78O4;5.93883e-4;0.809598;733.553168;1 out of 4
743.572385;743.572385;Mayolene-19;[M+NORHARMANE+H];C37H66O4;-6.50223e-4;-0.874457;743.573036;1 out of 4
744.992151;744.992151;"2,2,11,13,15,16-hexachloro-docosane-1,14-disulfate";[M+K];C22H40Cl6O8S2;-5.82691e-4;-0.782143;744.992733;1 out of 4
744.992151;744.992151;(+)-Danicalipin A;[M+K];C22H40O8S2Cl6;-5.82691e-4;-0.782143;744.992733;1 out of 4
753.519695;753.519695;"PA(O-16:0/22:2(13Z,16Z))";[M+K];C41H79O7P;1.96570e-4;0.260870;753.519498;1 out of 4
753.519695;753.519695;"PA(O-18:0/20:2(11Z,14Z))";[M+K];C41H79O7P;1.96570e-4;0.260870;753.519498;1 out of 4
753.519695;753.519695;"PA(O-20:0/18:2(9Z,12Z))";[M+K];C41H79O7P;1.96570e-4;0.260870;753.519498;1 out of 4
753.519695;753.519695;"PA(P-16:0/22:1(11Z))";[M+K];C41H79O7P;1.96570e-4;0.260870;753.519498;1 out of 4
753.519695;753.519695;"PA(P-18:0/20:1(11Z))";[M+K];C41H79O7P;1.96570e-4;0.260870;753.519498;1 out of 4
753.519695;753.519695;"PA(P-20:0/18:1(9Z))";[M+K];C41H79O7P;1.96570e-4;0.260870;753.519498;1 out of 4
755.535324;755.535324;"PA(O-16:0/22:1(11Z))";[M+K];C41H81O7P;1.75924e-4;0.232846;755.535149;1 out of 4
755.535324;755.535324;"PA(O-18:0/20:1(11Z))";[M+K];C41H81O7P;1.75924e-4;0.232846;755.535149;1 out of 4
755.535324;755.535324;"PA(O-20:0/18:1(9Z))";[M+K];C41H81O7P;1.75924e-4;0.232846;755.535149;1 out of 4
755.535324;755.535324;"PA(P-16:0/22:0)";[M+K];C41H81O7P;1.75924e-4;0.232846;755.535149;1 out of 4
755.535324;755.535324;"PA(P-18:0/20:0)";[M+K];C41H81O7P;1.75924e-4;0.232846;755.535149;1 out of 4
755.535324;755.535324;"PA(P-20:0/18:0)";[M+K];C41H81O7P;1.75924e-4;0.232846;755.535149;1 out of 4
757.551378;757.551378;"PA(O-20:0/18:0)";[M+K];C41H83O7P;5.78966e-4;0.764260;757.550799;1 out of 4
757.551378;757.551378;"PA(O-18:0/20:0)";[M+K];C41H83O7P;5.78966e-4;0.764260;757.550799;1 out of 4
757.551378;757.551378;"PA(O-16:0/22:0)";[M+K];C41H83O7P;5.78966e-4;0.764260;757.550799;1 out of 4
761.447967;761.447967;"SQDG(14:0/14:0)";[M+Na];C37H70O12S;-5.18359e-5;-0.068075;761.448019;1 out of 4
764.389325;764.389325;POV-PS;[M+NORHARMANE+H];C27H50NO11P;2.51667e-4;0.329240;764.389073;1 out of 4
764.389325;764.389325;"PS(12:0/20:5(5Z,8Z,11Z,14Z,17Z))";[M+K];C38H64NO10P;-6.16161e-4;-0.806082;764.389941;1 out of 4
764.389325;764.389325;"PS(14:1(9Z)/18:4(6Z,9Z,12Z,15Z))";[M+K];C38H64NO10P;-6.16161e-4;-0.806082;764.389941;1 out of 4
764.389325;764.389325;"PS(18:4(6Z,9Z,12Z,15Z)/14:1(9Z))";[M+K];C38H64NO10P;-6.16161e-4;-0.806082;764.389941;1 out of 4
764.389325;764.389325;"PS(20:5(5Z,8Z,11Z,14Z,17Z)/12:0)";[M+K];C38H64NO10P;-6.16161e-4;-0.806082;764.389941;1 out of 4
767.535631;767.535631;"PA(P-20:0/19:1(9Z))";[M+K];C42H81O7P;4.82306e-4;0.628383;767.535149;1 out of 4
769.551103;769.551103;"PA(O-20:0/19:1(9Z))";[M+K];C42H83O7P;3.04511e-4;0.395700;769.550799;1 out of 4
769.551103;769.551103;"PA(P-18:0/21:0)";[M+K];C42H83O7P;3.04511e-4;0.395700;769.550799;1 out of 4
769.551103;769.551103;"PA(P-20:0/19:0)";[M+K];C42H83O7P;3.04511e-4;0.395700;769.550799;1 out of 4
771.567310;771.567310;"DG(17:2(9Z,12Z)/18:2(9Z,12Z)/0:0)[iso2]";[M+NORHARMANE+H];C38H66O5;-6.40645e-4;-0.830316;771.567950;1 out of 4
771.567310;771.567310;"DG(17:1(9Z)/18:3(9Z,12Z,15Z)/0:0)[iso2]";[M+NORHARMANE+H];C38H66O5;-6.40645e-4;-0.830316;771.567950;1 out of 4
771.567310;771.567310;"DG(13:0/22:4(7Z,10Z,13Z,16Z)/0:0)[iso2]";[M+NORHARMANE+H];C38H66O5;-6.40645e-4;-0.830316;771.567950;1 out of 4
771.567310;771.567310;"DG(15:0/20:4(5Z,8Z,11Z,14Z)/0:0)[iso2]";[M+NORHARMANE+H];C38H66O5;-6.40645e-4;-0.830316;771.567950;1 out of 4
771.567310;771.567310;"DG(15:1(9Z)/20:3(8Z,11Z,14Z)/0:0)[iso2]";[M+NORHARMANE+H];C38H66O5;-6.40645e-4;-0.830316;771.567950;1 out of 4
771.567310;771.567310;"DG(18:3(6Z,9Z,12Z)/17:1(9Z)/0:0)[iso2]";[M+NORHARMANE+H];C38H66O5;-6.40645e-4;-0.830316;771.567950;1 out of 4
771.567310;771.567310;"DG(18:4(6Z,9Z,12Z,15Z)/17:0/0:0)[iso2]";[M+NORHARMANE+H];C38H66O5;-6.40645e-4;-0.830316;771.567950;1 out of 4
773.621192;773.621192;Plastochromanol-8;[M+Na];C53H82O2;4.90595e-4;0.634155;773.620702;1 out of 4
774.519646;774.519646;"1-(2-methoxy-5Z,9Z-hexacosadienyl)-sn-glycero-3-phosphoethanolamine";[M+NORHARMANE+H];C32H64NO7P;6.80510e-4;0.878623;774.518965;1 out of 4
774.519646;774.519646;"1-(2-methoxy-5Z,19Z-hexacosadienyl)-sn-glycero-3-phosphoethanolamine";[M+NORHARMANE+H];C32H64NO7P;6.80510e-4;0.878623;774.518965;1 out of 4
774.519646;774.519646;"PC(24:1(15Z)/0:0)";[M+NORHARMANE+H];C32H64NO7P;6.80510e-4;0.878623;774.518965;1 out of 4
774.527790;774.527790;"PS(13:0/22:2(13Z,16Z))";[M+H];C41H76NO10P;-1.70311e-4;-0.219889;774.527960;1 out of 4
774.527790;774.527790;"PS(15:0/20:2(11Z,14Z))";[M+H];C41H76NO10P;-1.70311e-4;-0.219889;774.527960;1 out of 4
774.527790;774.527790;"PS(15:1(9Z)/20:1(11Z))";[M+H];C41H76NO10P;-1.70311e-4;-0.219889;774.527960;1 out of 4
774.527790;774.527790;"PS(16:1(9Z)/19:1(9Z))";[M+H];C41H76NO10P;-1.70311e-4;-0.219889;774.527960;1 out of 4
774.527790;774.527790;"PS(17:0/18:2(9Z,12Z))";[M+H];C41H76NO10P;-1.70311e-4;-0.219889;774.527960;1 out of 4
774.527790;774.527790;"PS(17:1(9Z)/18:1(9Z))";[M+H];C41H76NO10P;-1.70311e-4;-0.219889;774.527960;1 out of 4
774.527790;774.527790;"PS(17:2(9Z,12Z)/18:0)";[M+H];C41H76NO10P;-1.70311e-4;-0.219889;774.527960;1 out of 4
774.527790;774.527790;"PS(18:0/17:2(9Z,12Z))";[M+H];C41H76NO10P;-1.70311e-4;-0.219889;774.527960;1 out of 4
774.527790;774.527790;"PS(18:1(9Z)/17:1(9Z))";[M+H];C41H76NO10P;-1.70311e-4;-0.219889;774.527960;1 out of 4
774.527790;774.527790;"PS(18:2(9Z,12Z)/17:0)";[M+H];C41H76NO10P;-1.70311e-4;-0.219889;774.527960;1 out of 4
774.527790;774.527790;"PS(19:1(9Z)/16:1(9Z))";[M+H];C41H76NO10P;-1.70311e-4;-0.219889;774.527960;1 out of 4
774.527790;774.527790;"PS(20:1(11Z)/15:1(9Z))";[M+H];C41H76NO10P;-1.70311e-4;-0.219889;774.527960;1 out of 4
774.527790;774.527790;"PS(20:2(11Z,14Z)/15:0)";[M+H];C41H76NO10P;-1.70311e-4;-0.219889;774.527960;1 out of 4
774.527790;774.527790;"PS(22:2(13Z,16Z)/13:0)";[M+H];C41H76NO10P;-1.70311e-4;-0.219889;774.527960;1 out of 4
775.599822;775.599822;"DG(17:2(9Z,12Z)/18:0/0:0)[iso2]";[M+NORHARMANE+H];C38H70O5;5.71403e-4;0.736724;775.599250;1 out of 4
775.599822;775.599822;"DG(17:0/18:2(9Z,12Z)/0:0)[iso2]";[M+NORHARMANE+H];C38H70O5;5.71403e-4;0.736724;775.599250;1 out of 4
775.599822;775.599822;"DG(13:0/22:2(13Z,16Z)/0:0)[iso2]";[M+NORHARMANE+H];C38H70O5;5.71403e-4;0.736724;775.599250;1 out of 4
775.599822;775.599822;"DG(15:0/20:2(11Z,14Z)/0:0)[iso2]";[M+NORHARMANE+H];C38H70O5;5.71403e-4;0.736724;775.599250;1 out of 4
775.599822;775.599822;"DG(15:1(9Z)/20:1(11Z)/0:0)[iso2]";[M+NORHARMANE+H];C38H70O5;5.71403e-4;0.736724;775.599250;1 out of 4
775.599822;775.599822;"DG(19:1(9Z)/16:1(9Z)/0:0)[iso2]";[M+NORHARMANE+H];C38H70O5;5.71403e-4;0.736724;775.599250;1 out of 4
779.534429;779.534429;"PA(O-20:0/20:3(8Z,11Z,14Z))";[M+K];C43H81O7P;-7.19839e-4;-0.923421;779.535149;1 out of 4
779.534429;779.534429;"PA(P-18:0/22:2(13Z,16Z))";[M+K];C43H81O7P;-7.19839e-4;-0.923421;779.535149;1 out of 4
779.534429;779.534429;"PA(P-20:0/20:2(11Z,14Z))";[M+K];C43H81O7P;-7.19839e-4;-0.923421;779.535149;1 out of 4
781.550832;781.550832;"PA(O-18:0/22:2(13Z,16Z))";[M+K];C43H83O7P;3.32583e-5;0.042554;781.550799;1 out of 4
781.550832;781.550832;"PA(O-20:0/20:2(11Z,14Z))";[M+K];C43H83O7P;3.32583e-5;0.042554;781.550799;1 out of 4
781.550832;781.550832;"PA(P-18:0/22:1(11Z))";[M+K];C43H83O7P;3.32583e-5;0.042554;781.550799;1 out of 4
781.550832;781.550832;"PA(P-20:0/20:1(11Z))";[M+K];C43H83O7P;3.32583e-5;0.042554;781.550799;1 out of 4
783.566579;783.566579;"PA(O-18:0/22:1(11Z))";[M+K];C43H85O7P;1.30537e-4;0.166593;783.566449;1 out of 4
783.566579;783.566579;"PA(O-20:0/20:1(11Z))";[M+K];C43H85O7P;1.30537e-4;0.166593;783.566449;1 out of 4
783.566579;783.566579;"PA(P-18:0/22:0)";[M+K];C43H85O7P;1.30537e-4;0.166593;783.566449;1 out of 4
783.566579;783.566579;"PA(P-20:0/20:0)";[M+K];C43H85O7P;1.30537e-4;0.166593;783.566449;1 out of 4
785.571339;785.571339;Unknown Name;[M+NORHARMANE+H];C34H69N2O5P;4.30685e-6;0.005482;785.571335;46 out of 4
785.584373;785.584373;"DG(18:2(9Z,12Z)/18:2(9Z,12Z)/0:0)";[M+NORHARMANE+H];C39H68O5;7.72279e-4;0.983064;785.583600;1 out of 4
785.584373;785.584373;"DG(18:1(9Z)/18:3(9Z,12Z,15Z)/0:0)[iso2]";[M+NORHARMANE+H];C39H68O5;7.72279e-4;0.983064;785.583600;1 out of 4
785.584373;785.584373;"DG(16:1(9Z)/20:3(8Z,11Z,14Z)/0:0)[iso2]";[M+NORHARMANE+H];C39H68O5;7.72279e-4;0.983064;785.583600;1 out of 4
785.584373;785.584373;"DG(16:0/20:4(5Z,8Z,11Z,14Z)/0:0)[iso2]";[M+NORHARMANE+H];C39H68O5;7.72279e-4;0.983064;785.583600;1 out of 4
785.584373;785.584373;"DG(14:0/22:4(7Z,10Z,13Z,16Z)/0:0)[iso2]";[M+NORHARMANE+H];C39H68O5;7.72279e-4;0.983064;785.583600;1 out of 4
785.584373;785.584373;"DG(14:1(9Z)/22:3(10Z,13Z,16Z)/0:0)[iso2]";[M+NORHARMANE+H];C39H68O5;7.72279e-4;0.983064;785.583600;1 out of 4
785.584373;785.584373;"DG(18:3(6Z,9Z,12Z)/18:1(9Z)/0:0)[iso2]";[M+NORHARMANE+H];C39H68O5;7.72279e-4;0.983064;785.583600;1 out of 4
785.584373;785.584373;"DG(18:4(6Z,9Z,12Z,15Z)/18:0/0:0)[iso2]";[M+NORHARMANE+H];C39H68O5;7.72279e-4;0.983064;785.583600;1 out of 4
787.539601;787.539601;"PA(O-16:0/15:1(9Z))";[M+NORHARMANE+H];C34H67O7P;2.34766e-4;0.298100;787.539366;1 out of 4
787.539601;787.539601;"PA(P-16:0/15:0)";[M+NORHARMANE+H];C34H67O7P;2.34766e-4;0.298100;787.539366;1 out of 4
787.539601;787.539601;"PA(P-18:0/13:0)";[M+NORHARMANE+H];C34H67O7P;2.34766e-4;0.298100;787.539366;1 out of 4
788.667684;788.667684;"Cer(d18:2/22:0)";[M+NORHARMANE+H];C40H77NO3;4.13803e-4;0.524687;788.667270;1 out of 4
788.667684;788.667684;"Cer(d16:2(4E,6E)/24:0)";[M+NORHARMANE+H];C40H77NO3;4.13803e-4;0.524687;788.667270;1 out of 4
789.518691;789.518691;"PA(18:0/12:0)";[M+NORHARMANE+H];C33H65O8P;5.99529e-5;0.075936;789.518631;1 out of 4
789.518691;789.518691;"PA(17:0/13:0)";[M+NORHARMANE+H];C33H65O8P;5.99529e-5;0.075936;789.518631;1 out of 4
789.518691;789.518691;"PA(13:0/17:0)";[M+NORHARMANE+H];C33H65O8P;5.99529e-5;0.075936;789.518631;1 out of 4
789.518691;789.518691;"PA(12:0/18:0)";[M+NORHARMANE+H];C33H65O8P;5.99529e-5;0.075936;789.518631;1 out of 4
789.518691;789.518691;"PA(16:0/14:0)";[M+NORHARMANE+H];C33H65O8P;5.99529e-5;0.075936;789.518631;1 out of 4
789.518691;789.518691;"PA(15:0/15:0)";[M+NORHARMANE+H];C33H65O8P;5.99529e-5;0.075936;789.518631;1 out of 4
789.518691;789.518691;"PA(14:0/16:0)";[M+NORHARMANE+H];C33H65O8P;5.99529e-5;0.075936;789.518631;1 out of 4
789.615555;789.615555;"DG(18:1(9Z)/18:1(9Z)/0:0)";[M+NORHARMANE+H];C39H72O5;6.54475e-4;0.828853;789.614900;1 out of 4
789.615555;789.615555;"DG(18:0/18:2(9Z,12Z)/0:0)[iso2]";[M+NORHARMANE+H];C39H72O5;6.54475e-4;0.828853;789.614900;1 out of 4
789.615555;789.615555;"DG(16:1(9Z)/20:1(11Z)/0:0)[iso2]";[M+NORHARMANE+H];C39H72O5;6.54475e-4;0.828853;789.614900;1 out of 4
789.615555;789.615555;"DG(16:0/20:2(11Z,14Z)/0:0)[iso2]";[M+NORHARMANE+H];C39H72O5;6.54475e-4;0.828853;789.614900;1 out of 4
789.615555;789.615555;"DG(17:2(9Z,12Z)/19:0/0:0)[iso2]";[M+NORHARMANE+H];C39H72O5;6.54475e-4;0.828853;789.614900;1 out of 4
789.615555;789.615555;"DG(14:0/22:2(13Z,16Z)/0:0)[iso2]";[M+NORHARMANE+H];C39H72O5;6.54475e-4;0.828853;789.614900;1 out of 4
789.615555;789.615555;"DG(14:1(9Z)/22:1(11Z)/0:0)[iso2]";[M+NORHARMANE+H];C39H72O5;6.54475e-4;0.828853;789.614900;1 out of 4
789.615555;789.615555;"DG(19:1(9Z)/17:1(9Z)/0:0)[iso2]";[M+NORHARMANE+H];C39H72O5;6.54475e-4;0.828853;789.614900;1 out of 4
791.558789;791.558789;Unknown Name;[M+H];C46H79O8P;2.56661e-4;0.324247;791.558532;38 out of 4
791.558789;791.558789;"PA(21:0/22:6(4Z,7Z,10Z,13Z,16Z,19Z))";[M+H];C46H79O8P;2.56661e-4;0.324247;791.558532;3 out of 4
791.558789;791.558789;"PA(22:6(4Z,7Z,10Z,13Z,16Z,19Z)/21:0)";[M+H];C46H79O8P;2.56661e-4;0.324247;791.558532;3 out of 4
797.581588;797.581588;"PA(P-20:0/21:0)";[M+K];C44H87O7P;-5.10941e-4;-0.640612;797.582099;1 out of 4
800.543371;800.543371;"PS(15:1(9Z)/22:2(13Z,16Z))";[M+H];C43H78NO10P;-2.38926e-4;-0.298455;800.543610;1 out of 4
800.543371;800.543371;"PS(17:0/20:3(8Z,11Z,14Z))";[M+H];C43H78NO10P;-2.38926e-4;-0.298455;800.543610;1 out of 4
800.543371;800.543371;"PS(17:1(9Z)/20:2(11Z,14Z))";[M+H];C43H78NO10P;-2.38926e-4;-0.298455;800.543610;1 out of 4
800.543371;800.543371;"PS(17:2(9Z,12Z)/20:1(11Z))";[M+H];C43H78NO10P;-2.38926e-4;-0.298455;800.543610;1 out of 4
800.543371;800.543371;"PS(18:2(9Z,12Z)/19:1(9Z))";[M+H];C43H78NO10P;-2.38926e-4;-0.298455;800.543610;1 out of 4
800.543371;800.543371;"PS(18:3(6Z,9Z,12Z)/19:0)";[M+H];C43H78NO10P;-2.38926e-4;-0.298455;800.543610;1 out of 4
800.543371;800.543371;"PS(18:3(9Z,12Z,15Z)/19:0)";[M+H];C43H78NO10P;-2.38926e-4;-0.298455;800.543610;1 out of 4
800.543371;800.543371;"PS(19:0/18:3(6Z,9Z,12Z))";[M+H];C43H78NO10P;-2.38926e-4;-0.298455;800.543610;1 out of 4
800.543371;800.543371;"PS(19:0/18:3(9Z,12Z,15Z))";[M+H];C43H78NO10P;-2.38926e-4;-0.298455;800.543610;1 out of 4
800.543371;800.543371;"PS(19:1(9Z)/18:2(9Z,12Z))";[M+H];C43H78NO10P;-2.38926e-4;-0.298455;800.543610;1 out of 4
800.543371;800.543371;"PS(20:1(11Z)/17:2(9Z,12Z))";[M+H];C43H78NO10P;-2.38926e-4;-0.298455;800.543610;1 out of 4
800.543371;800.543371;"PS(20:2(11Z,14Z)/17:1(9Z))";[M+H];C43H78NO10P;-2.38926e-4;-0.298455;800.543610;1 out of 4
800.543371;800.543371;"PS(20:3(8Z,11Z,14Z)/17:0)";[M+H];C43H78NO10P;-2.38926e-4;-0.298455;800.543610;1 out of 4
800.543371;800.543371;"PS(22:2(13Z,16Z)/15:1(9Z))";[M+H];C43H78NO10P;-2.38926e-4;-0.298455;800.543610;1 out of 4
802.683681;802.683681;"Cer(d18:2/23:0)";[M+NORHARMANE+H];C41H79NO3;7.60538e-4;0.947494;802.682920;1 out of 4
802.683681;802.683681;"Cer(d26:2/15:0)";[M+NORHARMANE+H];C41H79NO3;7.60538e-4;0.947494;802.682920;1 out of 4
803.535026;803.535026;"PA(12:0/19:0)";[M+NORHARMANE+H];C34H67O8P;7.45041e-4;0.927205;803.534281;1 out of 4
803.535026;803.535026;"PA(13:0/18:0)";[M+NORHARMANE+H];C34H67O8P;7.45041e-4;0.927205;803.534281;1 out of 4
803.535026;803.535026;"PA(14:0/17:0)";[M+NORHARMANE+H];C34H67O8P;7.45041e-4;0.927205;803.534281;1 out of 4
803.535026;803.535026;"PA(17:0/14:0)";[M+NORHARMANE+H];C34H67O8P;7.45041e-4;0.927205;803.534281;1 out of 4
803.535026;803.535026;"PA(18:0/13:0)";[M+NORHARMANE+H];C34H67O8P;7.45041e-4;0.927205;803.534281;1 out of 4
803.535026;803.535026;"PA(19:0/12:0)";[M+NORHARMANE+H];C34H67O8P;7.45041e-4;0.927205;803.534281;1 out of 4
803.535026;803.535026;"PA(16:0/15:0)";[M+NORHARMANE+H];C34H67O8P;7.45041e-4;0.927205;803.534281;1 out of 4
803.535026;803.535026;"PA(15:0/16:0)";[M+NORHARMANE+H];C34H67O8P;7.45041e-4;0.927205;803.534281;1 out of 4
803.535026;803.535026;"PA(P-20:0/22:4(7Z,10Z,13Z,16Z))";[M+K];C45H81O7P;-1.22787e-4;-0.152809;803.535149;1 out of 4
805.550399;805.550399;"PA(O-20:0/22:4(7Z,10Z,13Z,16Z))";[M+K];C45H83O7P;-3.99842e-4;-0.496358;805.550799;1 out of 4
807.552296;807.552296;Squamocin-P;[M+NORHARMANE+H];C37H66O8;-3.98160e-4;-0.493045;807.552694;2 out of 4
807.552296;807.552296;Annosquatin IV;[M+NORHARMANE+H];C37H66O8;-3.98160e-4;-0.493045;807.552694;2 out of 4
807.552296;807.552296;Gigantecin;[M+NORHARMANE+H];C37H66O8;-3.98160e-4;-0.493045;807.552694;2 out of 4
807.552296;807.552296;Annosquatin A;[M+NORHARMANE+H];C37H66O8;-3.98160e-4;-0.493045;807.552694;2 out of 4
807.552296;807.552296;Annosquatin-II;[M+NORHARMANE+H];C37H66O8;-3.98160e-4;-0.493045;807.552694;2 out of 4
807.552296;807.552296;Squamostanin-A;[M+NORHARMANE+H];C37H66O8;-3.98160e-4;-0.493045;807.552694;2 out of 4
807.552296;807.552296;Squamostanin-B;[M+NORHARMANE+H];C37H66O8;-3.98160e-4;-0.493045;807.552694;2 out of 4
807.552296;807.552296;Annosquatin-III;[M+NORHARMANE+H];C37H66O8;-3.98160e-4;-0.493045;807.552694;2 out of 4
807.566069;807.566069;"PA(P-20:0/22:2(13Z,16Z))";[M+K];C45H85O7P;-3.79891e-4;-0.470415;807.566449;1 out of 4
809.569111;809.569111;"PG(O-18:0/22:6(4Z,7Z,10Z,13Z,16Z,19Z))";[M+H];C46H81O9P;1.43508e-5;0.017727;809.569097;3 out of 4
809.569111;809.569111;"PG(P-20:0/20:5(5Z,8Z,11Z,14Z,17Z))";[M+H];C46H81O9P;1.43508e-5;0.017727;809.569097;3 out of 4
809.581964;809.581964;"PA(O-20:0/22:2(13Z,16Z))";[M+K];C45H87O7P;-1.34551e-4;-0.166198;809.582099;1 out of 4
809.581964;809.581964;"PA(P-20:0/22:1(11Z))";[M+K];C45H87O7P;-1.34551e-4;-0.166198;809.582099;1 out of 4
810.606576;810.606576;"GlcCer(t18:1(8Z)/20:0(2OH[S]))";[M+Na];C44H85NO10;8.45856e-6;0.010435;810.606568;1 out of 4
811.539392;811.539392;"PA(P-16:0/17:2(9Z,12Z))";[M+NORHARMANE+H];C36H67O7P;2.58583e-5;0.031863;811.539366;1 out of 4
811.598013;811.598013;"PA(O-20:0/22:1(11Z))";[M+K];C45H89O7P;2.63830e-4;0.325074;811.597749;1 out of 4
811.598013;811.598013;"PA(P-20:0/22:0)";[M+K];C45H89O7P;2.63830e-4;0.325074;811.597749;1 out of 4
812.601838;812.601838;"GlcCer(d18:0/20:0(2OH[R]))";[M+K];C44H87NO9;5.97633e-4;0.735457;812.601240;1 out of 4
813.540252;813.540252;Unknown Name;[M+Na];C46H79O8P;-2.23677e-4;-0.274942;813.540476;52 out of 4
813.540252;813.540252;"PA(21:0/22:6(4Z,7Z,10Z,13Z,16Z,19Z))";[M+Na];C46H79O8P;-2.23677e-4;-0.274942;813.540476;3 out of 4
813.540252;813.540252;"PA(22:6(4Z,7Z,10Z,13Z,16Z,19Z)/21:0)";[M+Na];C46H79O8P;-2.23677e-4;-0.274942;813.540476;3 out of 4
813.540252;813.540252;"PG(O-20:0/17:2(9Z,12Z))";[M+K];C43H83O9P;-3.75425e-4;-0.461470;813.540628;1 out of 4
813.540252;813.540252;"PG(P-18:0/19:1(9Z))";[M+K];C43H83O9P;-3.75425e-4;-0.461470;813.540628;1 out of 4
813.540252;813.540252;"PG(P-20:0/17:1(9Z))";[M+K];C43H83O9P;-3.75425e-4;-0.461470;813.540628;1 out of 4
818.505484;818.505484;"(3'-sulfo)Galbeta-Cer(d18:1/16:0(2OH))";[M+Na];C40H77NO12S;-3.84381e-4;-0.469613;818.505868;1 out of 4
821.524205;821.524205;"PA(P-16:0/18:4(6Z,9Z,12Z,15Z))";[M+NORHARMANE+H];C37H65O7P;4.89340e-4;0.595650;821.523716;1 out of 4
823.539879;823.539879;"PA(O-16:0/18:4(6Z,9Z,12Z,15Z))";[M+NORHARMANE+H];C37H67O7P;5.13367e-4;0.623367;823.539366;1 out of 4
823.539879;823.539879;"PA(P-16:0/18:3(6Z,9Z,12Z))";[M+NORHARMANE+H];C37H67O7P;5.13367e-4;0.623367;823.539366;1 out of 4
823.539879;823.539879;"PA(P-16:0/18:3(9Z,12Z,15Z))";[M+NORHARMANE+H];C37H67O7P;5.13367e-4;0.623367;823.539366;1 out of 4
824.540661;824.540661;"PS(15:0/22:2(13Z,16Z))";[M+Na];C43H80NO10P;-5.42896e-4;-0.658422;824.541204;1 out of 4
824.540661;824.540661;"PS(15:1(9Z)/22:1(11Z))";[M+Na];C43H80NO10P;-5.42896e-4;-0.658422;824.541204;1 out of 4
824.540661;824.540661;"PS(17:0/20:2(11Z,14Z))";[M+Na];C43H80NO10P;-5.42896e-4;-0.658422;824.541204;1 out of 4
824.540661;824.540661;"PS(17:1(9Z)/20:1(11Z))";[M+Na];C43H80NO10P;-5.42896e-4;-0.658422;824.541204;1 out of 4
824.540661;824.540661;"PS(17:2(9Z,12Z)/20:0)";[M+Na];C43H80NO10P;-5.42896e-4;-0.658422;824.541204;1 out of 4
824.540661;824.540661;"PS(18:1(9Z)/19:1(9Z))";[M+Na];C43H80NO10P;-5.42896e-4;-0.658422;824.541204;1 out of 4
824.540661;824.540661;"PS(18:2(9Z,12Z)/19:0)";[M+Na];C43H80NO10P;-5.42896e-4;-0.658422;824.541204;1 out of 4
824.540661;824.540661;"PS(19:0/18:2(9Z,12Z))";[M+Na];C43H80NO10P;-5.42896e-4;-0.658422;824.541204;1 out of 4
824.540661;824.540661;"PS(19:1(9Z)/18:1(9Z))";[M+Na];C43H80NO10P;-5.42896e-4;-0.658422;824.541204;1 out of 4
824.540661;824.540661;"PS(20:0/17:2(9Z,12Z))";[M+Na];C43H80NO10P;-5.42896e-4;-0.658422;824.541204;1 out of 4
824.540661;824.540661;"PS(20:1(11Z)/17:1(9Z))";[M+Na];C43H80NO10P;-5.42896e-4;-0.658422;824.541204;1 out of 4
824.540661;824.540661;"PS(20:2(11Z,14Z)/17:0)";[M+Na];C43H80NO10P;-5.42896e-4;-0.658422;824.541204;1 out of 4
824.540661;824.540661;"PS(22:1(11Z)/15:1(9Z))";[M+Na];C43H80NO10P;-5.42896e-4;-0.658422;824.541204;1 out of 4
824.540661;824.540661;"PS(22:2(13Z,16Z)/15:0)";[M+Na];C43H80NO10P;-5.42896e-4;-0.658422;824.541204;1 out of 4
828.565125;828.565125;"PE(P-16:0/15:1(9Z))";[M+NORHARMANE+H];C36H70NO7P;-7.90326e-4;-0.953849;828.565915;1 out of 4
828.574446;828.574446;"GlcAbeta-Cer(d16:0/14:0)";[M+NORHARMANE+H];C36H69NO9;2.87808e-4;0.347353;828.574158;1 out of 4
828.574446;828.574446;"PS(17:1(9Z)/22:2(13Z,16Z))";[M+H];C45H82NO10P;-4.64858e-4;-0.561034;828.574910;1 out of 4
828.574446;828.574446;"PS(17:2(9Z,12Z)/22:1(11Z))";[M+H];C45H82NO10P;-4.64858e-4;-0.561034;828.574910;1 out of 4
828.574446;828.574446;"PS(18:3(6Z,9Z,12Z)/21:0)";[M+H];C45H82NO10P;-4.64858e-4;-0.561034;828.574910;1 out of 4
828.574446;828.574446;"PS(18:3(9Z,12Z,15Z)/21:0)";[M+H];C45H82NO10P;-4.64858e-4;-0.561034;828.574910;1 out of 4
828.574446;828.574446;"PS(19:0/20:3(8Z,11Z,14Z))";[M+H];C45H82NO10P;-4.64858e-4;-0.561034;828.574910;1 out of 4
828.574446;828.574446;"PS(19:1(9Z)/20:2(11Z,14Z))";[M+H];C45H82NO10P;-4.64858e-4;-0.561034;828.574910;1 out of 4
828.574446;828.574446;"PS(20:2(11Z,14Z)/19:1(9Z))";[M+H];C45H82NO10P;-4.64858e-4;-0.561034;828.574910;1 out of 4
828.574446;828.574446;"PS(20:3(8Z,11Z,14Z)/19:0)";[M+H];C45H82NO10P;-4.64858e-4;-0.561034;828.574910;1 out of 4
828.574446;828.574446;"PS(21:0/18:3(6Z,9Z,12Z))";[M+H];C45H82NO10P;-4.64858e-4;-0.561034;828.574910;1 out of 4
828.574446;828.574446;"PS(21:0/18:3(9Z,12Z,15Z))";[M+H];C45H82NO10P;-4.64858e-4;-0.561034;828.574910;1 out of 4
828.574446;828.574446;"PS(22:1(11Z)/17:2(9Z,12Z))";[M+H];C45H82NO10P;-4.64858e-4;-0.561034;828.574910;1 out of 4
828.574446;828.574446;"PS(22:2(13Z,16Z)/17:1(9Z))";[M+H];C45H82NO10P;-4.64858e-4;-0.561034;828.574910;1 out of 4
829.514843;829.514843;Unknown Name;[M+K];C46H79O8P;4.29396e-4;0.517647;829.514413;48 out of 4
829.514843;829.514843;"PA(21:0/22:6(4Z,7Z,10Z,13Z,16Z,19Z))";[M+K];C46H79O8P;4.29396e-4;0.517647;829.514413;3 out of 4
829.514843;829.514843;"PA(22:6(4Z,7Z,10Z,13Z,16Z,19Z)/21:0)";[M+K];C46H79O8P;4.29396e-4;0.517647;829.514413;3 out of 4
829.535603;829.535603;"PG(P-18:0/22:6(4Z,7Z,10Z,13Z,16Z,19Z))";[M+Na];C46H79O9P;2.12256e-4;0.255874;829.535391;1 out of 4
829.535603;829.535603;"PG(15:0/22:1(11Z))";[M+K];C43H83O10P;6.05085e-5;0.072943;829.535542;1 out of 4
829.535603;829.535603;"PG(15:1(9Z)/22:0)";[M+K];C43H83O10P;6.05085e-5;0.072943;829.535542;1 out of 4
829.535603;829.535603;"PG(16:1(9Z)/21:0)";[M+K];C43H83O10P;6.05085e-5;0.072943;829.535542;1 out of 4
829.535603;829.535603;"PG(17:0/20:1(11Z))";[M+K];C43H83O10P;6.05085e-5;0.072943;829.535542;1 out of 4
829.535603;829.535603;"PG(17:1(9Z)/20:0)";[M+K];C43H83O10P;6.05085e-5;0.072943;829.535542;1 out of 4
829.535603;829.535603;"PG(18:0/19:1(9Z))";[M+K];C43H83O10P;6.05085e-5;0.072943;829.535542;1 out of 4
829.535603;829.535603;"PG(18:1(9Z)/19:0)";[M+K];C43H83O10P;6.05085e-5;0.072943;829.535542;1 out of 4
829.535603;829.535603;"PG(19:0/18:1(9Z))";[M+K];C43H83O10P;6.05085e-5;0.072943;829.535542;1 out of 4
829.535603;829.535603;"PG(19:1(9Z)/18:0)";[M+K];C43H83O10P;6.05085e-5;0.072943;829.535542;1 out of 4
829.535603;829.535603;"PG(20:0/17:1(9Z))";[M+K];C43H83O10P;6.05085e-5;0.072943;829.535542;1 out of 4
829.535603;829.535603;"PG(20:1(11Z)/17:0)";[M+K];C43H83O10P;6.05085e-5;0.072943;829.535542;1 out of 4
829.535603;829.535603;"PG(21:0/16:1(9Z))";[M+K];C43H83O10P;6.05085e-5;0.072943;829.535542;1 out of 4
829.535603;829.535603;"PG(22:0/15:1(9Z))";[M+K];C43H83O10P;6.05085e-5;0.072943;829.535542;1 out of 4
829.535603;829.535603;"PG(22:1(11Z)/15:0)";[M+K];C43H83O10P;6.05085e-5;0.072943;829.535542;1 out of 4
829.550136;829.550136;"PA(13:0/20:1(11Z))";[M+NORHARMANE+H];C36H69O8P;2.05151e-4;0.247304;829.549931;2 out of 4
829.550136;829.550136;"PA(14:0/19:1(9Z))";[M+NORHARMANE+H];C36H69O8P;2.05151e-4;0.247304;829.549931;2 out of 4
829.550136;829.550136;"PA(14:1(9Z)/19:0)";[M+NORHARMANE+H];C36H69O8P;2.05151e-4;0.247304;829.549931;2 out of 4
829.550136;829.550136;"PA(15:0/18:1(9Z))";[M+NORHARMANE+H];C36H69O8P;2.05151e-4;0.247304;829.549931;2 out of 4
829.550136;829.550136;"PA(15:1(9Z)/18:0)";[M+NORHARMANE+H];C36H69O8P;2.05151e-4;0.247304;829.549931;2 out of 4
829.550136;829.550136;"PA(16:1(9Z)/17:0)";[M+NORHARMANE+H];C36H69O8P;2.05151e-4;0.247304;829.549931;2 out of 4
829.550136;829.550136;"PA(17:0/16:1(9Z))";[M+NORHARMANE+H];C36H69O8P;2.05151e-4;0.247304;829.549931;2 out of 4
829.550136;829.550136;"PA(17:1(9Z)/16:0)";[M+NORHARMANE+H];C36H69O8P;2.05151e-4;0.247304;829.549931;2 out of 4
829.550136;829.550136;"PA(18:0/15:1(9Z))";[M+NORHARMANE+H];C36H69O8P;2.05151e-4;0.247304;829.549931;2 out of 4
829.550136;829.550136;"PA(18:1(9Z)/15:0)";[M+NORHARMANE+H];C36H69O8P;2.05151e-4;0.247304;829.549931;2 out of 4
829.550136;829.550136;"PA(19:0/14:1(9Z))";[M+NORHARMANE+H];C36H69O8P;2.05151e-4;0.247304;829.549931;2 out of 4
829.550136;829.550136;"PA(19:1(9Z)/14:0)";[M+NORHARMANE+H];C36H69O8P;2.05151e-4;0.247304;829.549931;2 out of 4
829.550136;829.550136;"PA(20:1(11Z)/13:0)";[M+NORHARMANE+H];C36H69O8P;2.05151e-4;0.247304;829.549931;2 out of 4
829.550136;829.550136;"PA(16:0/17:1(9Z))";[M+NORHARMANE+H];C36H69O8P;2.05151e-4;0.247304;829.549931;2 out of 4
831.551191;831.551191;"PG(O-18:0/22:6(4Z,7Z,10Z,13Z,16Z,19Z))";[M+Na];C46H81O9P;1.50628e-4;0.181141;831.551041;3 out of 4
831.551191;831.551191;"PG(P-20:0/20:5(5Z,8Z,11Z,14Z,17Z))";[M+Na];C46H81O9P;1.50628e-4;0.181141;831.551041;3 out of 4
831.551191;831.551191;"PG(15:0/22:0)";[M+K];C43H85O10P;-1.12017e-6;-0.001347;831.551193;1 out of 4
831.551191;831.551191;"PG(16:0/21:0)";[M+K];C43H85O10P;-1.12017e-6;-0.001347;831.551193;1 out of 4
831.551191;831.551191;"PG(18:0/19:0)";[M+K];C43H85O10P;-1.12017e-6;-0.001347;831.551193;1 out of 4
831.551191;831.551191;"PG(20:0/17:0)";[M+K];C43H85O10P;-1.12017e-6;-0.001347;831.551193;1 out of 4
831.551191;831.551191;"PG(21:0/16:0)";[M+K];C43H85O10P;-1.12017e-6;-0.001347;831.551193;1 out of 4
831.551191;831.551191;"PG(22:0/15:0)";[M+K];C43H85O10P;-1.12017e-6;-0.001347;831.551193;1 out of 4
831.551191;831.551191;"PG(19:0/18:0)";[M+K];C43H85O10P;-1.12017e-6;-0.001347;831.551193;1 out of 4
831.551191;831.551191;"PG(17:0/20:0)";[M+K];C43H85O10P;-1.12017e-6;-0.001347;831.551193;1 out of 4
831.565795;831.565795;"PA(12:0/21:0)";[M+NORHARMANE+H];C36H71O8P;2.14233e-4;0.257626;831.565581;1 out of 4
831.565795;831.565795;"PA(14:0/19:0)";[M+NORHARMANE+H];C36H71O8P;2.14233e-4;0.257626;831.565581;1 out of 4
831.565795;831.565795;"PA(17:0/16:0)";[M+NORHARMANE+H];C36H71O8P;2.14233e-4;0.257626;831.565581;1 out of 4
831.565795;831.565795;"PA(18:0/15:0)";[M+NORHARMANE+H];C36H71O8P;2.14233e-4;0.257626;831.565581;1 out of 4
831.565795;831.565795;"PA(21:0/12:0)";[M+NORHARMANE+H];C36H71O8P;2.14233e-4;0.257626;831.565581;1 out of 4
831.565795;831.565795;"PA(20:0/13:0)";[M+NORHARMANE+H];C36H71O8P;2.14233e-4;0.257626;831.565581;1 out of 4
831.565795;831.565795;"PA(19:0/14:0)";[M+NORHARMANE+H];C36H71O8P;2.14233e-4;0.257626;831.565581;1 out of 4
831.565795;831.565795;"PA(16:0/17:0)";[M+NORHARMANE+H];C36H71O8P;2.14233e-4;0.257626;831.565581;1 out of 4
831.565795;831.565795;"PA(15:0/18:0)";[M+NORHARMANE+H];C36H71O8P;2.14233e-4;0.257626;831.565581;1 out of 4
831.565795;831.565795;"PA(13:0/20:0)";[M+NORHARMANE+H];C36H71O8P;2.14233e-4;0.257626;831.565581;1 out of 4
832.562140;832.562140;"PC(O-16:0/22:5(7Z,10Z,13Z,16Z,19Z))";[M+K];C46H84NO7P;4.42707e-4;0.531741;832.561698;1 out of 4
832.562140;832.562140;"PC(O-18:0/20:5(5Z,8Z,11Z,14Z,17Z))";[M+K];C46H84NO7P;4.42707e-4;0.531741;832.561698;1 out of 4
832.562140;832.562140;"PC(O-18:1(9Z)/20:4(5Z,8Z,11Z,14Z))";[M+K];C46H84NO7P;4.42707e-4;0.531741;832.561698;1 out of 4
832.562140;832.562140;"PC(O-18:1(9Z)/20:4(8Z,11Z,14Z,17Z))";[M+K];C46H84NO7P;4.42707e-4;0.531741;832.561698;1 out of 4
832.562140;832.562140;"PC(P-18:0/20:4(5Z,8Z,11Z,14Z))";[M+K];C46H84NO7P;4.42707e-4;0.531741;832.561698;1 out of 4
832.562140;832.562140;"PC(P-16:0/22:4(7Z,10Z,13Z,16Z))";[M+K];C46H84NO7P;4.42707e-4;0.531741;832.561698;1 out of 4
832.562140;832.562140;"PC(P-20:0/18:4(6Z,9Z,12Z,15Z))";[M+K];C46H84NO7P;4.42707e-4;0.531741;832.561698;1 out of 4
837.600004;837.600004;"PG(O-20:0/22:6(4Z,7Z,10Z,13Z,16Z,19Z))";[M+H];C48H85O9P;-3.93234e-4;-0.469477;837.600397;2 out of 4
837.600004;837.600004;16:1-Glc-Campesterol;[M+K];C50H86O7;-5.08396e-4;-0.606967;837.600512;1 out of 4
845.786050;845.786050;hexatetracontanoic acid;[M+NORHARMANE+H];C46H92O2;-6.07622e-4;-0.718410;845.786657;1 out of 4
845.786050;845.786050;Phthioceranic acid (C46);[M+NORHARMANE+H];C46H92O2;-6.07622e-4;-0.718410;845.786657;1 out of 4
847.524840;847.524840;"PG(12:0/17:1(9Z))";[M+NORHARMANE+H];C35H67O10P;7.29907e-4;0.861223;847.524110;1 out of 4
847.524840;847.524840;"PG(13:0/16:1(9Z))";[M+NORHARMANE+H];C35H67O10P;7.29907e-4;0.861223;847.524110;1 out of 4
847.524840;847.524840;"PG(14:0/15:1(9Z))";[M+NORHARMANE+H];C35H67O10P;7.29907e-4;0.861223;847.524110;1 out of 4
847.524840;847.524840;"PG(14:1(9Z)/15:0)";[M+NORHARMANE+H];C35H67O10P;7.29907e-4;0.861223;847.524110;1 out of 4
847.524840;847.524840;"PG(15:0/14:1(9Z))";[M+NORHARMANE+H];C35H67O10P;7.29907e-4;0.861223;847.524110;1 out of 4
847.524840;847.524840;"PG(15:1(9Z)/14:0)";[M+NORHARMANE+H];C35H67O10P;7.29907e-4;0.861223;847.524110;1 out of 4
847.524840;847.524840;"PG(16:1(9Z)/13:0)";[M+NORHARMANE+H];C35H67O10P;7.29907e-4;0.861223;847.524110;1 out of 4
847.524840;847.524840;"PG(17:1(9Z)/12:0)";[M+NORHARMANE+H];C35H67O10P;7.29907e-4;0.861223;847.524110;1 out of 4
847.524840;847.524840;"PG(O-18:0/22:6(4Z,7Z,10Z,13Z,16Z,19Z))";[M+K];C46H81O9P;-1.37921e-4;-0.162733;847.524978;3 out of 4
847.524840;847.524840;"PG(P-20:0/20:5(5Z,8Z,11Z,14Z,17Z))";[M+K];C46H81O9P;-1.37921e-4;-0.162733;847.524978;3 out of 4
847.540010;847.540010;"PA(P-16:0/20:5(5Z,8Z,11Z,14Z,17Z))";[M+NORHARMANE+H];C39H67O7P;6.43883e-4;0.759709;847.539366;1 out of 4
850.558795;850.558795;"PS(19:0/22:6(4Z,7Z,10Z,13Z,16Z,19Z))";[M+H];C47H80NO10P;-4.65092e-4;-0.546807;850.559260;1 out of 4
850.558795;850.558795;"PS(22:6(4Z,7Z,10Z,13Z,16Z,19Z)/19:0)";[M+H];C47H80NO10P;-4.65092e-4;-0.546807;850.559260;1 out of 4
852.574888;852.574888;"PT(20:1(9Z)/20:4(5Z,8Z,11Z,14Z))";[M+H];C47H82NO10P;-2.27813e-5;-0.026721;852.574910;1 out of 4
852.574888;852.574888;"PS(19:1(9Z)/22:4(7Z,10Z,13Z,16Z))";[M+H];C47H82NO10P;-2.27813e-5;-0.026721;852.574910;1 out of 4
852.574888;852.574888;"PS(20:5(5Z,8Z,11Z,14Z,17Z)/21:0)";[M+H];C47H82NO10P;-2.27813e-5;-0.026721;852.574910;1 out of 4
852.574888;852.574888;"PS(21:0/20:5(5Z,8Z,11Z,14Z,17Z))";[M+H];C47H82NO10P;-2.27813e-5;-0.026721;852.574910;1 out of 4
852.574888;852.574888;"PS(22:4(7Z,10Z,13Z,16Z)/19:1(9Z))";[M+H];C47H82NO10P;-2.27813e-5;-0.026721;852.574910;1 out of 4
853.587072;853.587072;"PA(O-18:0/18:3(6Z,9Z,12Z))";[M+NORHARMANE+H];C39H73O7P;7.55446e-4;0.885026;853.586316;1 out of 4
853.587072;853.587072;"PA(O-18:0/18:3(9Z,12Z,15Z))";[M+NORHARMANE+H];C39H73O7P;7.55446e-4;0.885026;853.586316;1 out of 4
853.587072;853.587072;"PA(O-16:0/20:3(8Z,11Z,14Z))";[M+NORHARMANE+H];C39H73O7P;7.55446e-4;0.885026;853.586316;1 out of 4
853.587072;853.587072;"PA(P-16:0/20:2(11Z,14Z))";[M+NORHARMANE+H];C39H73O7P;7.55446e-4;0.885026;853.586316;1 out of 4
853.587072;853.587072;"PA(P-18:0/18:2(9Z,12Z))";[M+NORHARMANE+H];C39H73O7P;7.55446e-4;0.885026;853.586316;1 out of 4
855.565661;855.565661;"PA(13:0/22:2(13Z,16Z))";[M+NORHARMANE+H];C38H71O8P;8.04926e-5;0.094081;855.565581;1 out of 4
855.565661;855.565661;"PA(15:0/20:2(11Z,14Z))";[M+NORHARMANE+H];C38H71O8P;8.04926e-5;0.094081;855.565581;1 out of 4
855.565661;855.565661;"PA(15:1(9Z)/20:1(11Z))";[M+NORHARMANE+H];C38H71O8P;8.04926e-5;0.094081;855.565581;1 out of 4
855.565661;855.565661;"PA(16:1(9Z)/19:1(9Z))";[M+NORHARMANE+H];C38H71O8P;8.04926e-5;0.094081;855.565581;1 out of 4
855.565661;855.565661;"PA(17:0/18:2(9Z,12Z))";[M+NORHARMANE+H];C38H71O8P;8.04926e-5;0.094081;855.565581;1 out of 4
855.565661;855.565661;"PA(17:1(9Z)/18:1(9Z))";[M+NORHARMANE+H];C38H71O8P;8.04926e-5;0.094081;855.565581;1 out of 4
855.565661;855.565661;"PA(17:2(9Z,12Z)/18:0)";[M+NORHARMANE+H];C38H71O8P;8.04926e-5;0.094081;855.565581;1 out of 4
855.565661;855.565661;"PA(18:0/17:2(9Z,12Z))";[M+NORHARMANE+H];C38H71O8P;8.04926e-5;0.094081;855.565581;1 out of 4
855.565661;855.565661;"PA(18:1(9Z)/17:1(9Z))";[M+NORHARMANE+H];C38H71O8P;8.04926e-5;0.094081;855.565581;1 out of 4
855.565661;855.565661;"PA(18:2(9Z,12Z)/17:0)";[M+NORHARMANE+H];C38H71O8P;8.04926e-5;0.094081;855.565581;1 out of 4
855.565661;855.565661;"PA(19:1(9Z)/16:1(9Z))";[M+NORHARMANE+H];C38H71O8P;8.04926e-5;0.094081;855.565581;1 out of 4
855.565661;855.565661;"PA(20:1(11Z)/15:1(9Z))";[M+NORHARMANE+H];C38H71O8P;8.04926e-5;0.094081;855.565581;1 out of 4
855.565661;855.565661;"PA(20:2(11Z,14Z)/15:0)";[M+NORHARMANE+H];C38H71O8P;8.04926e-5;0.094081;855.565581;1 out of 4
855.565661;855.565661;"PA(22:2(13Z,16Z)/13:0)";[M+NORHARMANE+H];C38H71O8P;8.04926e-5;0.094081;855.565581;1 out of 4
857.566757;857.566757;"PG(P-20:0/22:6(4Z,7Z,10Z,13Z,16Z,19Z))";[M+Na];C48H83O9P;6.65010e-5;0.077546;857.566691;1 out of 4
857.566757;857.566757;"PG(17:0/22:1(11Z))";[M+K];C45H87O10P;-8.52470e-5;-0.099406;857.566843;1 out of 4
857.566757;857.566757;"PG(17:1(9Z)/22:0)";[M+K];C45H87O10P;-8.52470e-5;-0.099406;857.566843;1 out of 4
857.566757;857.566757;"PG(18:1(9Z)/21:0)";[M+K];C45H87O10P;-8.52470e-5;-0.099406;857.566843;1 out of 4
857.566757;857.566757;"PG(19:0/20:1(11Z))";[M+K];C45H87O10P;-8.52470e-5;-0.099406;857.566843;1 out of 4
857.566757;857.566757;"PG(19:1(9Z)/20:0)";[M+K];C45H87O10P;-8.52470e-5;-0.099406;857.566843;1 out of 4
857.566757;857.566757;"PG(20:0/19:1(9Z))";[M+K];C45H87O10P;-8.52470e-5;-0.099406;857.566843;1 out of 4
857.566757;857.566757;"PG(20:1(11Z)/19:0)";[M+K];C45H87O10P;-8.52470e-5;-0.099406;857.566843;1 out of 4
857.566757;857.566757;"PG(21:0/18:1(9Z))";[M+K];C45H87O10P;-8.52470e-5;-0.099406;857.566843;1 out of 4
857.566757;857.566757;"PG(22:0/17:1(9Z))";[M+K];C45H87O10P;-8.52470e-5;-0.099406;857.566843;1 out of 4
857.566757;857.566757;"PG(22:1(11Z)/17:0)";[M+K];C45H87O10P;-8.52470e-5;-0.099406;857.566843;1 out of 4
857.581180;857.581180;"PA(13:0/22:1(11Z))";[M+NORHARMANE+H];C38H73O8P;-5.12560e-5;-0.059768;857.581231;1 out of 4
857.581180;857.581180;"PA(14:1(9Z)/21:0)";[M+NORHARMANE+H];C38H73O8P;-5.12560e-5;-0.059768;857.581231;1 out of 4
857.581180;857.581180;"PA(15:0/20:1(11Z))";[M+NORHARMANE+H];C38H73O8P;-5.12560e-5;-0.059768;857.581231;1 out of 4
857.581180;857.581180;"PA(15:1(9Z)/20:0)";[M+NORHARMANE+H];C38H73O8P;-5.12560e-5;-0.059768;857.581231;1 out of 4
857.581180;857.581180;"PA(16:0/19:1(9Z))";[M+NORHARMANE+H];C38H73O8P;-5.12560e-5;-0.059768;857.581231;1 out of 4
857.581180;857.581180;"PA(16:1(9Z)/19:0)";[M+NORHARMANE+H];C38H73O8P;-5.12560e-5;-0.059768;857.581231;1 out of 4
857.581180;857.581180;"PA(17:1(9Z)/18:0)";[M+NORHARMANE+H];C38H73O8P;-5.12560e-5;-0.059768;857.581231;1 out of 4
857.581180;857.581180;"PA(18:0/17:1(9Z))";[M+NORHARMANE+H];C38H73O8P;-5.12560e-5;-0.059768;857.581231;1 out of 4
857.581180;857.581180;"PA(18:1(9Z)/17:0)";[M+NORHARMANE+H];C38H73O8P;-5.12560e-5;-0.059768;857.581231;1 out of 4
857.581180;857.581180;"PA(19:0/16:1(9Z))";[M+NORHARMANE+H];C38H73O8P;-5.12560e-5;-0.059768;857.581231;1 out of 4
857.581180;857.581180;"PA(19:1(9Z)/16:0)";[M+NORHARMANE+H];C38H73O8P;-5.12560e-5;-0.059768;857.581231;1 out of 4
857.581180;857.581180;"PA(20:0/15:1(9Z))";[M+NORHARMANE+H];C38H73O8P;-5.12560e-5;-0.059768;857.581231;1 out of 4
857.581180;857.581180;"PA(20:1(11Z)/15:0)";[M+NORHARMANE+H];C38H73O8P;-5.12560e-5;-0.059768;857.581231;1 out of 4
857.581180;857.581180;"PA(21:0/14:1(9Z))";[M+NORHARMANE+H];C38H73O8P;-5.12560e-5;-0.059768;857.581231;1 out of 4
857.581180;857.581180;"PA(22:1(11Z)/13:0)";[M+NORHARMANE+H];C38H73O8P;-5.12560e-5;-0.059768;857.581231;1 out of 4
857.581180;857.581180;"PA(17:0/18:1(9Z))";[M+NORHARMANE+H];C38H73O8P;-5.12560e-5;-0.059768;857.581231;1 out of 4
859.582809;859.582809;"PG(O-20:0/22:6(4Z,7Z,10Z,13Z,16Z,19Z))";[M+Na];C48H85O9P;4.68198e-4;0.544681;859.582341;2 out of 4
859.582809;859.582809;"PG(17:0/22:0)";[M+K];C45H89O10P;3.16450e-4;0.368144;859.582493;1 out of 4
859.582809;859.582809;"PG(18:0/21:0)";[M+K];C45H89O10P;3.16450e-4;0.368144;859.582493;1 out of 4
859.582809;859.582809;"PG(19:0/20:0)";[M+K];C45H89O10P;3.16450e-4;0.368144;859.582493;1 out of 4
859.582809;859.582809;"PG(20:0/19:0)";[M+K];C45H89O10P;3.16450e-4;0.368144;859.582493;1 out of 4
859.582809;859.582809;"PG(22:0/17:0)";[M+K];C45H89O10P;3.16450e-4;0.368144;859.582493;1 out of 4
859.582809;859.582809;"PG(21:0/18:0)";[M+K];C45H89O10P;3.16450e-4;0.368144;859.582493;1 out of 4
859.596185;859.596185;"PA(13:0/22:0)";[M+NORHARMANE+H];C38H75O8P;-6.96312e-4;-0.810045;859.596881;1 out of 4
859.596185;859.596185;"PA(14:0/21:0)";[M+NORHARMANE+H];C38H75O8P;-6.96312e-4;-0.810045;859.596881;1 out of 4
859.596185;859.596185;"PA(15:0/20:0)";[M+NORHARMANE+H];C38H75O8P;-6.96312e-4;-0.810045;859.596881;1 out of 4
859.596185;859.596185;"PA(18:0/17:0)";[M+NORHARMANE+H];C38H75O8P;-6.96312e-4;-0.810045;859.596881;1 out of 4
859.596185;859.596185;"PA(20:0/15:0)";[M+NORHARMANE+H];C38H75O8P;-6.96312e-4;-0.810045;859.596881;1 out of 4
859.596185;859.596185;"PA(22:0/13:0)";[M+NORHARMANE+H];C38H75O8P;-6.96312e-4;-0.810045;859.596881;1 out of 4
859.596185;859.596185;"PA(21:0/14:0)";[M+NORHARMANE+H];C38H75O8P;-6.96312e-4;-0.810045;859.596881;1 out of 4
859.596185;859.596185;"PA(17:0/18:0)";[M+NORHARMANE+H];C38H75O8P;-6.96312e-4;-0.810045;859.596881;1 out of 4
859.596185;859.596185;"PA(19:0/16:0)";[M+NORHARMANE+H];C38H75O8P;-6.96312e-4;-0.810045;859.596881;1 out of 4
859.596185;859.596185;"PA(16:0/19:0)";[M+NORHARMANE+H];C38H75O8P;-6.96312e-4;-0.810045;859.596881;1 out of 4
873.555027;873.555027;"PA(P-16:0/22:6(4Z,7Z,10Z,13Z,16Z,19Z))";[M+NORHARMANE+H];C41H69O7P;1.11238e-5;0.012734;873.555016;1 out of 4
874.568054;874.568054;"(3'-sulfo)Galbeta-Cer(d18:1/20:0(2OH))";[M+Na];C44H85NO12S;-4.13980e-4;-0.473353;874.568468;1 out of 4
895.582885;895.582885;"PG(20:1(11Z)/22:2(13Z,16Z))";[M+K];C48H89O10P;3.92360e-4;0.438106;895.582493;1 out of 4
895.582885;895.582885;"PG(20:2(11Z,14Z)/22:1(11Z))";[M+K];C48H89O10P;3.92360e-4;0.438106;895.582493;1 out of 4
895.582885;895.582885;"PG(20:3(8Z,11Z,14Z)/22:0)";[M+K];C48H89O10P;3.92360e-4;0.438106;895.582493;1 out of 4
895.582885;895.582885;"PG(22:0/20:3(8Z,11Z,14Z))";[M+K];C48H89O10P;3.92360e-4;0.438106;895.582493;1 out of 4
895.582885;895.582885;"PG(22:1(11Z)/20:2(11Z,14Z))";[M+K];C48H89O10P;3.92360e-4;0.438106;895.582493;1 out of 4
895.582885;895.582885;"PG(22:2(13Z,16Z)/20:1(11Z))";[M+K];C48H89O10P;3.92360e-4;0.438106;895.582493;1 out of 4
897.599527;897.599527;Fucoxanthinol 3-stearidonate;[M+Na];C58H82O6;-8.33032e-4;-0.928066;897.600360;1 out of 4
897.724729;897.724729;22:3 Stigmasterol ester;[M+NORHARMANE+H];C51H84O2;6.72373e-4;0.748975;897.724057;1 out of 4
909.540661;909.540661;"PG(14:1(9Z)/20:4(5Z,8Z,11Z,14Z))";[M+NORHARMANE+H];C40H69O10P;9.00858e-4;0.990455;909.539760;1 out of 4
909.540661;909.540661;"PG(18:4(6Z,9Z,12Z,15Z)/16:1(9Z))";[M+NORHARMANE+H];C40H69O10P;9.00858e-4;0.990455;909.539760;1 out of 4
909.540661;909.540661;"PG(20:4(5Z,8Z,11Z,14Z)/14:1(9Z))";[M+NORHARMANE+H];C40H69O10P;9.00858e-4;0.990455;909.539760;1 out of 4
909.540661;909.540661;"PG(20:5(5Z,8Z,11Z,14Z,17Z)/14:0)";[M+NORHARMANE+H];C40H69O10P;9.00858e-4;0.990455;909.539760;1 out of 4
909.540661;909.540661;"PG(16:1(9Z)/18:4(6Z,9Z,12Z,15Z))";[M+NORHARMANE+H];C40H69O10P;9.00858e-4;0.990455;909.539760;1 out of 4
909.540661;909.540661;"PG(14:0/20:5(5Z,8Z,11Z,14Z,17Z))";[M+NORHARMANE+H];C40H69O10P;9.00858e-4;0.990455;909.539760;1 out of 4
923.613416;923.613416;"PG(22:1(11Z)/22:2(13Z,16Z))";[M+K];C50H93O10P;-3.76804e-4;-0.407967;923.613793;1 out of 4
923.613416;923.613416;"PG(22:2(13Z,16Z)/22:1(11Z))";[M+K];C50H93O10P;-3.76804e-4;-0.407967;923.613793;1 out of 4
942.575752;942.575752;"PC(18:4(9E,11E,13E,15E)/18:4(9E,11E,13E,15E))";[M+NORHARMANE+H];C44H72NO8P;-7.28320e-4;-0.772691;942.576480;1 out of 4
942.575752;942.575752;"PC(18:4(9Z,11E,13E,15Z)/18:4(9Z,11E,13E,15Z))";[M+NORHARMANE+H];C44H72NO8P;-7.28320e-4;-0.772691;942.576480;1 out of 4
942.575752;942.575752;"PC(18:4(6Z,9Z,12Z,15Z)/18:4(6Z,9Z,12Z,15Z))";[M+NORHARMANE+H];C44H72NO8P;-7.28320e-4;-0.772691;942.576480;1 out of 4
942.575752;942.575752;"PE(17:2(9Z,12Z)/22:6(4Z,7Z,10Z,13Z,16Z,19Z))";[M+NORHARMANE+H];C44H72NO8P;-7.28320e-4;-0.772691;942.576480;1 out of 4
942.575752;942.575752;"PE(22:6(4Z,7Z,10Z,13Z,16Z,19Z)/17:2(9Z,12Z))";[M+NORHARMANE+H];C44H72NO8P;-7.28320e-4;-0.772691;942.576480;1 out of 4
960.587143;960.587143;"PS(P-16:0/22:6(4Z,7Z,10Z,13Z,16Z,19Z))";[M+NORHARMANE+H];C44H74NO9P;9.80056e-5;0.102027;960.587045;1 out of 4
